Gene,UniProt_ID,Subcellular_Location,GO_Biological_Process,GO_Cellular_Component
DOCK1,Q14185,"SUBCELLULAR LOCATION: Cytoplasm {ECO:0000305}. Membrane {ECO:0000305}. Note=Recruited to membranes via its interaction with phosphatidylinositol 3,4,5-trisphosphate. {ECO:0000305}.","apoptotic process [GO:0006915]; cell migration [GO:0016477]; integrin-mediated signaling pathway [GO:0007229]; myoblast fusion [GO:0007520]; phagocytosis, engulfment [GO:0006911]; positive regulation of epithelial cell migration [GO:0010634]; positive regulation of substrate adhesion-dependent cell spreading [GO:1900026]; regulation of postsynapse assembly [GO:0150052]; signal transduction [GO:0007165]; small GTPase-mediated signal transduction [GO:0007264]",cytoplasm [GO:0005737]; cytosol [GO:0005829]; glutamatergic synapse [GO:0098978]; guanyl-nucleotide exchange factor complex [GO:0032045]; plasma membrane [GO:0005886]; postsynapse [GO:0098794]
ANKRD13C,Q8N6S4,SUBCELLULAR LOCATION: Endoplasmic reticulum membrane {ECO:0000269|PubMed:20959461}. Note=Associated with the cytosolic side.,cellular response to prostaglandin D stimulus [GO:0071799]; protein retention in ER lumen [GO:0006621]; protein targeting to membrane [GO:0006612]; regulation of anoikis [GO:2000209],cytoplasm [GO:0005737]; endoplasmic reticulum [GO:0005783]; endoplasmic reticulum membrane [GO:0005789]; perinuclear region of cytoplasm [GO:0048471]
CDS1,Q92903,"SUBCELLULAR LOCATION: Endoplasmic reticulum membrane {ECO:0000269|PubMed:25375833, ECO:0000269|PubMed:26946540, ECO:0000269|PubMed:31548309}; Multi-pass membrane protein {ECO:0000255}.",CDP-diacylglycerol biosynthetic process [GO:0016024]; lipid droplet formation [GO:0140042]; phosphatidylinositol biosynthetic process [GO:0006661]; phototransduction [GO:0007602]; positive regulation of fat cell differentiation [GO:0045600]; signal transduction [GO:0007165],endoplasmic reticulum [GO:0005783]; endoplasmic reticulum membrane [GO:0005789]; membrane [GO:0016020]
ELMO2,Q96JJ3,"SUBCELLULAR LOCATION: Cytoplasm {ECO:0000269|PubMed:20679435}. Cytoplasm, cytosol {ECO:0000269|PubMed:20679435}. Membrane {ECO:0000269|PubMed:20679435}.",actin filament organization [GO:0007015]; apoptotic process [GO:0006915]; cell chemotaxis [GO:0060326]; cell motility [GO:0048870]; phagocytosis [GO:0006909],cytosol [GO:0005829]; membrane [GO:0016020]
ELMO1,Q92556,SUBCELLULAR LOCATION: Cytoplasm. Cell membrane. Note=Translocation to plasma membrane seems to be mediated by DOCK1 and CRK.,"actin cytoskeleton organization [GO:0030036]; actin filament organization [GO:0007015]; apoptotic process [GO:0006915]; cell motility [GO:0048870]; phagocytosis, engulfment [GO:0006911]; Rac protein signal transduction [GO:0016601]; regulation of postsynapse assembly [GO:0150052]",cytoplasm [GO:0005737]; cytosol [GO:0005829]; glutamatergic synapse [GO:0098978]; guanyl-nucleotide exchange factor complex [GO:0032045]; membrane [GO:0016020]; plasma membrane [GO:0005886]; postsynapse [GO:0098794]
GRIN1,Q05586,"SUBCELLULAR LOCATION: Cell membrane {ECO:0000269|PubMed:26875626, ECO:0000269|PubMed:26919761, ECO:0000269|PubMed:28095420, ECO:0000269|PubMed:28105280, ECO:0000269|PubMed:28126851, ECO:0000269|PubMed:28228639, ECO:0000269|PubMed:38538865, ECO:0000269|PubMed:7685113}; Multi-pass membrane protein {ECO:0000250|UniProtKB:P35439}. Postsynaptic cell membrane {ECO:0000250|UniProtKB:P35438}. Postsynaptic density membrane {ECO:0000250|UniProtKB:P35439}. Synaptic cell membrane {ECO:0000250|UniProtKB:P35438}. Note=Synaptic cell membrane targeting is dependent of GRIN2B/GluN2B subunit (By similarity). Association with GRIN3A occurs in the endoplasmic reticulum (By similarity). {ECO:0000250, ECO:0000250|UniProtKB:P35438, ECO:0000250|UniProtKB:P35439}.","brain development [GO:0007420]; calcium ion homeostasis [GO:0055074]; calcium ion transmembrane import into cytosol [GO:0097553]; calcium ion transmembrane transport [GO:0070588]; chemical synaptic transmission [GO:0007268]; excitatory chemical synaptic transmission [GO:0098976]; excitatory postsynaptic potential [GO:0060079]; ionotropic glutamate receptor signaling pathway [GO:0035235]; monoatomic cation transmembrane transport [GO:0098655]; monoatomic cation transport [GO:0006812]; positive regulation of calcium ion transport into cytosol [GO:0010524]; positive regulation of excitatory postsynaptic potential [GO:2000463]; positive regulation of reactive oxygen species biosynthetic process [GO:1903428]; positive regulation of synaptic transmission, glutamatergic [GO:0051968]; positive regulation of transcription by RNA polymerase II [GO:0045944]; propylene metabolic process [GO:0018964]; protein heterotetramerization [GO:0051290]; regulation of membrane potential [GO:0042391]; regulation of monoatomic cation transmembrane transport [GO:1904062]; regulation of neuronal synaptic plasticity [GO:0048168]; regulation of synaptic plasticity [GO:0048167]; response to ethanol [GO:0045471]; response to glycine [GO:1905429]; sodium ion transmembrane transport [GO:0035725]; visual learning [GO:0008542]",cell surface [GO:0009986]; cytoplasm [GO:0005737]; dendrite [GO:0030425]; dendritic spine [GO:0043197]; endoplasmic reticulum membrane [GO:0005789]; excitatory synapse [GO:0060076]; monoatomic ion channel complex [GO:0034702]; neuron projection [GO:0043005]; neurotransmitter receptor complex [GO:0098878]; NMDA selective glutamate receptor complex [GO:0017146]; plasma membrane [GO:0005886]; postsynaptic density [GO:0014069]; postsynaptic density membrane [GO:0098839]; postsynaptic membrane [GO:0045211]; synapse [GO:0045202]; synaptic cleft [GO:0043083]; synaptic membrane [GO:0097060]; synaptic vesicle [GO:0008021]; terminal bouton [GO:0043195]
DOCK5,Q9H7D0,"SUBCELLULAR LOCATION: Cytoplasm {ECO:0000269|PubMed:19004829}. Cell membrane {ECO:0000269|PubMed:19004829}. Cell projection, podosome {ECO:0000250|UniProtKB:B2RY04}. Note=Associated with the edge of the plasma membrane in Caco-2 intestinal epithelial cells spreading on type IV collagen. {ECO:0000269|PubMed:19004829}.",bone remodeling [GO:0046849]; cell migration [GO:0016477]; myoblast fusion [GO:0007520]; negative regulation of vascular associated smooth muscle contraction [GO:1904694]; podosome assembly [GO:0071800]; positive regulation of epithelial cell migration [GO:0010634]; positive regulation of substrate adhesion-dependent cell spreading [GO:1900026]; positive regulation of vascular associated smooth muscle cell migration [GO:1904754]; Rac protein signal transduction [GO:0016601],anchoring junction [GO:0070161]; cell projection [GO:0042995]; cytoplasm [GO:0005737]; cytosol [GO:0005829]; plasma membrane [GO:0005886]; podosome [GO:0002102]
CISD2,Q8N5K1,"SUBCELLULAR LOCATION: Endoplasmic reticulum membrane; Single-pass membrane protein. Mitochondrion outer membrane; Single-pass membrane protein. Note=According to PubMed:20010695, it mainly localizes to the endoplasmic reticulum. However, experiments in mouse showed that it mainly localizes to the mitochondrion outer membrane.",autophagy of mitochondrion [GO:0000422]; regulation of autophagy [GO:0010506],endoplasmic reticulum [GO:0005783]; endoplasmic reticulum membrane [GO:0005789]; membrane [GO:0016020]; mitochondrial outer membrane [GO:0005741]; perinuclear endoplasmic reticulum [GO:0097038]; protein-containing complex [GO:0032991]
PTPRK,Q15262,"SUBCELLULAR LOCATION: Cell junction, adherens junction. Cell membrane; Single-pass type I membrane protein.",cell adhesion [GO:0007155]; cell migration [GO:0016477]; cellular response to reactive oxygen species [GO:0034614]; cellular response to UV [GO:0034644]; focal adhesion assembly [GO:0048041]; negative regulation of cell cycle [GO:0045786]; negative regulation of cell migration [GO:0030336]; negative regulation of cell population proliferation [GO:0008285]; negative regulation of DNA-templated transcription [GO:0045892]; negative regulation of keratinocyte proliferation [GO:0010839]; neuron projection development [GO:0031175]; protein dephosphorylation [GO:0006470]; protein localization to cell surface [GO:0034394]; signal transduction [GO:0007165]; transforming growth factor beta receptor signaling pathway [GO:0007179],adherens junction [GO:0005912]; cell junction [GO:0030054]; cell surface [GO:0009986]; cell-cell junction [GO:0005911]; intracellular membrane-bounded organelle [GO:0043231]; leading edge membrane [GO:0031256]; membrane [GO:0016020]; plasma membrane [GO:0005886]
GPR89A,B7ZAQ6,SUBCELLULAR LOCATION: Golgi apparatus membrane {ECO:0000269|PubMed:18794847}; Multi-pass membrane protein {ECO:0000255}.,intracellular pH reduction [GO:0051452]; positive regulation of canonical NF-kappaB signal transduction [GO:0043123]; protein transport [GO:0015031]; T cell differentiation [GO:0030217],Golgi cisterna membrane [GO:0032580]; Golgi membrane [GO:0000139]; Golgi-associated vesicle membrane [GO:0030660]; monoatomic ion channel complex [GO:0034702]
NOTCH3,Q9UM47,SUBCELLULAR LOCATION: Cell membrane {ECO:0000269|PubMed:15350543}; Single-pass type I membrane protein.; SUBCELLULAR LOCATION: [Notch 3 intracellular domain]: Nucleus. Note=Following proteolytical processing NICD is translocated to the nucleus.,artery morphogenesis [GO:0048844]; forebrain development [GO:0030900]; glomerular capillary formation [GO:0072104]; negative regulation of neuron differentiation [GO:0045665]; negative regulation of transcription by RNA polymerase II [GO:0000122]; neuroblast differentiation [GO:0014016]; neuron fate commitment [GO:0048663]; Notch signaling pathway [GO:0007219]; positive regulation of miRNA transcription [GO:1902895]; positive regulation of smooth muscle cell proliferation [GO:0048661]; positive regulation of transcription by RNA polymerase II [GO:0045944],cell surface [GO:0009986]; cytosol [GO:0005829]; endoplasmic reticulum membrane [GO:0005789]; extracellular region [GO:0005576]; Golgi membrane [GO:0000139]; nucleoplasm [GO:0005654]; plasma membrane [GO:0005886]; receptor complex [GO:0043235]
FBXO2,Q9UK22,SUBCELLULAR LOCATION: Cytoplasm {ECO:0000250}. Microsome membrane {ECO:0000250}; Peripheral membrane protein {ECO:0000250}; Cytoplasmic side {ECO:0000250}.,"ERAD pathway [GO:0036503]; glycoprotein catabolic process [GO:0006516]; negative regulation of cell population proliferation [GO:0008285]; protein modification process [GO:0036211]; protein ubiquitination [GO:0016567]; proteolysis [GO:0006508]; regulation of protein catabolic process at postsynapse, modulating synaptic transmission [GO:0099576]; regulation of protein ubiquitination [GO:0031396]; SCF-dependent proteasomal ubiquitin-dependent protein catabolic process [GO:0031146]",cytoplasm [GO:0005737]; cytosol [GO:0005829]; dendritic spine [GO:0043197]; endoplasmic reticulum [GO:0005783]; extrinsic component of postsynaptic membrane [GO:0098890]; glutamatergic synapse [GO:0098978]; SCF ubiquitin ligase complex [GO:0019005]
MANEA,Q5SRI9,"SUBCELLULAR LOCATION: Golgi apparatus membrane {ECO:0000269|PubMed:15677381, ECO:0000269|PubMed:15760709}; Single-pass type II membrane protein {ECO:0000269|PubMed:15677381, ECO:0000269|PubMed:15760709}.",,Golgi apparatus [GO:0005794]; Golgi membrane [GO:0000139]
CIP2A,Q8TCG1,"SUBCELLULAR LOCATION: Cytoplasm {ECO:0000269|PubMed:12118381, ECO:0000269|PubMed:35842428}. Chromosome {ECO:0000269|PubMed:35121901, ECO:0000269|PubMed:35842428, ECO:0000269|PubMed:37165191, ECO:0000269|PubMed:37316668}. Note=Predominantly localizes within the cytoplasm (PubMed:35842428). Localizes to broken chromosomes within micronuclei during interphase and following chromothripsis (PubMed:37165191, PubMed:37316668). Localization to broken chromosomes is mainly independent of MDC1 (PubMed:35121901, PubMed:37165191). {ECO:0000269|PubMed:35121901, ECO:0000269|PubMed:35842428, ECO:0000269|PubMed:37165191, ECO:0000269|PubMed:37316668}.",broken chromosome clustering [GO:0141112]; chromosome organization [GO:0051276]; DNA damage response [GO:0006974],centrosome [GO:0005813]; chromosome [GO:0005694]; ciliary basal body [GO:0036064]; cytoplasm [GO:0005737]; cytosol [GO:0005829]; intracellular membrane-bounded organelle [GO:0043231]; plasma membrane [GO:0005886]
ATP11C,Q8NB49,"SUBCELLULAR LOCATION: Cell membrane {ECO:0000269|PubMed:21914794, ECO:0000269|PubMed:25315773}; Multi-pass membrane protein {ECO:0000255}. Endoplasmic reticulum membrane {ECO:0000269|PubMed:21914794, ECO:0000269|PubMed:25315773}; Multi-pass membrane protein {ECO:0000255}. Early endosome membrane {ECO:0000269|PubMed:29123098}; Multi-pass membrane protein {ECO:0000255}. Recycling endosome membrane {ECO:0000269|PubMed:29123098}; Multi-pass membrane protein {ECO:0000255}. Note=Efficient exit from the endoplasmic reticulum requires the presence of TMEM30A. Internalized via clathrin-dependent endocytosis in response to ca(2+) signaling induced by G-protein coupled serotonin and histamine receptors. {ECO:0000269|PubMed:29123098}.",monoatomic ion transmembrane transport [GO:0034220]; phospholipid translocation [GO:0045332],early endosome membrane [GO:0031901]; endoplasmic reticulum [GO:0005783]; endoplasmic reticulum membrane [GO:0005789]; lysosomal membrane [GO:0005765]; phospholipid-translocating ATPase complex [GO:1990531]; plasma membrane [GO:0005886]; recycling endosome [GO:0055037]; recycling endosome membrane [GO:0055038]
RETREG3,Q86VR2,"SUBCELLULAR LOCATION: Endoplasmic reticulum membrane {ECO:0000269|PubMed:33826365, ECO:0000269|PubMed:34338405}; Multi-pass membrane protein {ECO:0000255}. Note=Localizes preferentially to endoplasmic reticulum tubules and sheet edges. {ECO:0000269|PubMed:33826365}.",collagen catabolic process [GO:0030574]; endoplasmic reticulum tubular network organization [GO:0071786]; positive regulation of neuron projection development [GO:0010976]; reticulophagy [GO:0061709],endoplasmic reticulum membrane [GO:0005789]; endoplasmic reticulum tubular network [GO:0071782]; protein-containing complex [GO:0032991]
AGPAT4,Q9NRZ5,SUBCELLULAR LOCATION: Endoplasmic reticulum membrane {ECO:0000250|UniProtKB:Q8K4X7}; Multi-pass membrane protein {ECO:0000255}.,CDP-diacylglycerol biosynthetic process [GO:0016024]; phosphatidic acid biosynthetic process [GO:0006654]; phospholipid biosynthetic process [GO:0008654],endomembrane system [GO:0012505]; endoplasmic reticulum [GO:0005783]; endoplasmic reticulum membrane [GO:0005789]; mitochondrial outer membrane [GO:0005741]
EBP,Q15125,"SUBCELLULAR LOCATION: Endoplasmic reticulum membrane {ECO:0000269|PubMed:10406945}; Multi-pass membrane protein {ECO:0000305}. Nucleus envelope {ECO:0000269|PubMed:10406945}. Cytoplasmic vesicle {ECO:0000269|PubMed:10406945}. Note=During interphase, detected on the endoplasmic reticulum and the nuclear envelope. During mitosis, detected on cytoplasmic vesicles. {ECO:0000269|PubMed:10406945}.",cholesterol biosynthetic process [GO:0006695]; cholesterol biosynthetic process via desmosterol [GO:0033489]; cholesterol biosynthetic process via lathosterol [GO:0033490]; cholesterol metabolic process [GO:0008203]; hemopoiesis [GO:0030097]; ossification involved in bone maturation [GO:0043931],cytoplasmic vesicle [GO:0031410]; endoplasmic reticulum [GO:0005783]; endoplasmic reticulum membrane [GO:0005789]; nuclear envelope [GO:0005635]; nuclear membrane [GO:0031965]
FITM2,Q8N6M3,"SUBCELLULAR LOCATION: Endoplasmic reticulum membrane {ECO:0000255|HAMAP-Rule:MF_03230, ECO:0000269|PubMed:18160536}; Multi-pass membrane protein {ECO:0000255|HAMAP-Rule:MF_03230}.",cytoskeleton organization [GO:0007010]; fat cell differentiation [GO:0045444]; fatty-acyl-CoA catabolic process [GO:0036115]; intracellular triglyceride homeostasis [GO:0035356]; lipid droplet formation [GO:0140042]; lipid droplet organization [GO:0034389]; lipid homeostasis [GO:0055088]; lipid storage [GO:0019915]; phospholipid biosynthetic process [GO:0008654]; regulation of cell morphogenesis [GO:0022604]; triglyceride metabolic process [GO:0006641]; triglyceride storage [GO:0030730],endoplasmic reticulum membrane [GO:0005789]
