SeqPos,Residue (bound),φ_bound°,ψ_bound°,SeqPos (apo),Residue (apo),φ_apo°,ψ_apo°,Δφ,Δψ,|Δ| mean
0,401 V,-103.58,127.25,5,9 V,-107.58,140.28,4.0,-13.03,8.52
1,402 T,-135.21,137.02,6,10 T,-142.09,-178.93,6.88,-44.05,25.46
2,403 I,-84.74,133.42,7,11 I,-143.93,153.41,59.18,-19.99,39.59
3,404 H,-74.63,74.98,8,12 H,-74.73,112.43,0.11,-37.45,18.78
4,405 Q,-99.04,121.68,9,13 Q,-159.76,102.99,60.72,18.7,39.71
5,406 E,-55.8,-44.93,10,14 E,-68.14,148.22,12.34,166.85,89.59
6,407 P,-60.79,-27.1,11,15 P,-95.51,15.5,34.72,-42.6,38.66
7,408 F,-105.24,-54.65,12,16 F,-77.33,-44.29,-27.91,-10.35,19.13
8,409 V,-133.18,106.55,13,17 V,-140.92,111.5,7.73,-4.95,6.34
9,410 Y,-71.0,146.24,14,18 Y,-86.79,146.23,15.78,0.01,7.9
10,411 V,-122.98,127.26,15,19 V,-129.9,124.47,6.92,2.79,4.85
11,412 K,-157.32,143.42,16,20 K,-138.26,153.68,-19.07,-10.26,14.66
12,413 P,-61.1,144.58,17,21 P,-67.36,155.33,6.26,-10.75,8.5
13,414 T,-81.43,-175.14,18,22 T,-70.09,158.27,-11.34,26.6,18.97
14,415 L,-81.03,-179.11,19,23 M,-69.85,176.83,-11.18,4.06,7.62
15,416 S,-64.7,-40.73,20,24 S,-59.19,-27.09,-5.52,-13.64,9.58
16,417 D,-69.39,-17.18,21,25 D,-93.96,1.77,24.56,-18.95,21.75
17,418 G,98.25,2.21,22,26 G,93.09,0.3,5.16,1.91,3.53
18,419 T,-113.41,128.17,23,27 T,-96.19,168.34,-17.21,-40.16,28.69
19,420 C,-67.93,139.79,24,28 C,-95.93,132.03,28.01,7.76,17.88
20,421 K,-67.26,137.51,25,29 K,-48.94,128.91,-18.32,8.6,13.46
21,422 E,-68.7,137.45,26,30 E,-72.51,121.19,3.81,16.26,10.03
22,423 E,-113.13,127.14,27,31 E,-129.63,161.95,16.5,-34.81,25.66
23,424 F,-97.49,128.66,28,32 F,-136.76,153.69,39.27,-25.04,32.15
24,425 T,-87.51,-172.26,29,33 T,-77.2,174.44,-10.31,13.3,11.8
25,426 V,-65.14,-43.22,30,34 V,-60.42,-26.97,-4.72,-16.26,10.49
26,427 N,-107.37,34.86,31,35 N,-98.62,9.4,-8.75,25.45,17.1
27,428 G,70.58,-143.38,32,36 G,100.93,-6.07,-30.34,-137.32,83.83
28,429 D,53.51,71.88,33,37 D,-75.19,136.1,128.71,-64.23,96.47
29,430 P,-64.47,147.58,34,38 P,-60.47,138.71,-4.0,8.87,6.43
30,431 V,-71.07,132.69,35,39 V,-76.86,123.35,5.79,9.33,7.56
31,432 K,-84.61,75.45,36,40 K,-77.13,128.55,-7.48,-53.1,30.29
32,433 K,-67.25,143.39,37,41 K,-128.04,149.83,60.79,-6.44,33.62
33,434 V,-118.29,177.56,38,42 V,-125.5,148.32,7.21,29.25,18.23
34,435 I,-94.44,120.63,39,43 I,-72.66,130.65,-21.78,-10.01,15.9
35,436 C,-111.03,129.94,40,44 C,-130.35,123.62,19.32,6.33,12.82
36,437 T,-85.79,73.74,41,45 T,-86.3,150.83,0.51,-77.09,38.8
37,438 G,-109.81,148.15,42,46 G,165.86,175.61,84.33,-27.46,55.9
38,439 P,-63.4,147.61,43,47 P,-63.07,143.49,-0.33,4.12,2.22
49,450 T,-85.17,63.28,44,58 T,-95.46,122.49,10.28,-59.21,34.75
50,451 V,-70.49,131.69,45,59 V,-140.06,158.28,69.57,-26.59,48.08
51,452 P,-68.95,116.84,46,60 P,-69.46,129.63,0.5,-12.79,6.65
52,453 Q,-100.52,176.57,47,61 Q,-128.98,175.97,28.46,0.59,14.53
53,454 C,-95.15,131.68,48,62 C,-107.76,125.76,12.6,5.93,9.26
54,455 C,-115.52,112.52,49,63 C,-118.12,137.93,2.59,-25.41,14.0
55,456 Y,-150.89,157.04,50,64 Y,-157.46,167.74,6.57,-10.7,8.63
56,457 G,143.84,-160.88,51,65 G,135.75,-173.42,8.08,12.54,10.31
57,458 F,-66.66,-50.15,52,66 F,-52.38,-47.58,-14.28,-2.58,8.43
58,459 C,-65.04,-41.05,53,67 C,-71.86,-30.83,6.82,-10.21,8.52
59,460 I,-64.39,-42.95,54,68 I,-71.36,-44.21,6.97,1.26,4.12
60,461 D,-63.61,-41.46,55,69 D,-58.78,-39.18,-4.83,-2.28,3.56
61,462 L,-63.4,-42.65,56,70 L,-65.72,-45.89,2.32,3.24,2.78
62,463 L,-63.72,-41.02,57,71 L,-52.09,-49.07,-11.63,8.05,9.84
63,464 I,-64.28,-42.94,58,72 I,-61.27,-44.88,-3.01,1.94,2.48
64,465 K,-63.33,-42.33,59,73 K,-59.67,-43.5,-3.65,1.17,2.41
65,466 L,-63.44,-42.16,60,74 L,-66.3,-45.56,2.85,3.4,3.13
66,467 A,-64.44,-41.05,61,75 A,-61.03,-38.92,-3.41,-2.13,2.77
67,468 R,-64.52,-40.8,62,76 R,-76.25,-37.8,11.73,-3.0,7.36
68,469 T,-66.0,-40.33,63,77 T,-66.36,-49.18,0.36,8.86,4.61
69,470 M,-93.94,1.04,64,78 M,-89.52,-7.69,-4.42,8.73,6.57
70,471 N,55.59,43.58,65,79 N,59.23,55.42,-3.64,-11.84,7.74
71,472 F,-103.85,151.53,66,80 F,-116.3,162.38,12.45,-10.86,11.65
72,473 T,-105.24,129.57,67,81 T,-112.21,162.38,6.97,-32.81,19.89
73,474 Y,-130.13,155.15,68,82 Y,-158.1,157.36,27.97,-2.21,15.09
74,475 E,-132.82,89.63,69,83 E,-126.37,134.71,-6.45,-45.08,25.77
75,476 V,-74.9,136.55,70,84 V,-105.1,136.18,30.19,0.37,15.28
76,477 H,-148.5,158.49,71,85 H,-134.58,156.22,-13.92,2.27,8.09
77,478 L,-86.94,-174.87,72,86 L,-87.15,137.07,0.22,48.06,24.14
78,479 V,-120.2,128.77,73,87 V,-52.38,132.7,-67.82,-3.93,35.87
79,480 A,-63.81,-42.62,74,88 A,-62.41,-40.58,-1.4,-2.03,1.72
80,481 D,-64.78,-42.41,75,89 D,-95.21,3.48,30.43,-45.89,38.16
81,482 G,83.5,-2.93,76,90 G,72.77,16.44,10.73,-19.37,15.05
82,483 K,-74.84,155.54,77,91 K,-120.83,153.35,45.98,2.19,24.09
83,484 F,-85.65,-5.28,78,92 F,-67.09,-40.25,-18.56,34.97,26.76
84,485 G,106.75,129.31,79,93 G,125.18,124.02,-18.43,5.29,11.86
85,486 T,-155.22,171.34,80,94 T,-128.09,165.04,-27.14,6.3,16.72
86,487 Q,-112.01,92.07,81,95 Q,-88.65,124.1,-23.36,-32.03,27.69
87,488 E,-98.99,-175.18,82,96 E,-143.19,154.27,44.2,30.55,37.38
88,497 E,-119.24,135.13,84,105 E,-126.8,144.7,7.55,-9.57,8.56
89,498 W,-73.46,116.96,85,106 W,-68.84,141.25,-4.63,-24.29,14.46
90,499 N,-105.23,113.73,86,107 N,-110.06,-165.87,4.83,-80.4,42.61
91,500 G,134.65,-147.14,87,108 G,52.86,-144.85,81.79,-2.29,42.04
92,501 M,-69.1,-34.91,88,109 M,-68.16,-36.41,-0.94,1.5,1.22
93,502 M,-63.21,-27.04,89,110 M,-55.55,-51.46,-7.66,24.42,16.04
94,503 G,-72.5,-20.82,90,111 G,-59.34,-41.28,-13.16,20.46,16.81
95,504 E,-69.39,-25.41,91,112 E,-65.88,-42.23,-3.51,16.82,10.17
96,505 L,-90.82,2.33,92,113 L,-62.12,-46.68,-28.7,49.01,38.86
97,506 L,-124.54,-29.27,93,114 L,-67.75,-32.04,-56.8,2.77,29.79
98,507 S,-67.41,-36.0,94,115 S,-83.33,-13.92,15.92,-22.09,19.01
99,508 G,117.4,1.51,95,116 G,94.73,-1.41,22.67,2.92,12.79
100,509 Q,-74.88,-13.6,96,117 Q,-64.04,-21.94,-10.84,8.34,9.59
101,510 A,-154.93,162.6,97,118 A,-134.81,152.91,-20.12,9.69,14.91
102,511 D,-109.43,-23.11,98,119 D,-102.91,-25.82,-6.52,2.7,4.61
103,512 M,-130.25,155.37,99,120 M,-145.0,143.13,14.75,12.24,13.5
104,513 I,-121.18,30.7,100,121 I,-100.31,116.02,-20.87,-85.33,53.1
105,514 V,-60.04,107.09,101,122 V,-117.42,99.71,57.38,7.38,32.38
106,515 A,-175.07,161.63,102,123 A,-171.85,171.38,-3.22,-9.76,6.49
107,516 P,-65.5,112.56,103,124 P,-75.69,73.98,10.19,38.58,24.39
108,517 L,-152.88,123.58,104,125 L,-102.55,110.73,-50.32,12.85,31.59
109,518 T,-67.16,146.24,105,126 T,-70.34,133.38,3.18,12.86,8.02
110,519 I,-97.3,126.37,106,127 I,-75.31,119.34,-21.98,7.04,14.51
111,520 N,-118.14,-173.55,107,128 N,-144.96,167.95,26.82,18.5,22.66
112,521 N,-88.32,1.91,108,129 N,-59.81,-46.94,-28.51,48.84,38.68
113,522 E,-100.67,-38.52,109,130 E,-61.68,-46.83,-38.99,8.31,23.65
114,523 R,-73.58,-13.49,110,131 R,-65.87,-42.13,-7.71,28.65,18.18
115,524 A,-91.4,4.11,111,132 A,-64.08,-18.1,-27.32,22.21,24.76
116,525 Q,-65.29,-41.42,112,133 Q,-66.0,-22.48,0.71,-18.94,9.83
117,526 Y,-125.05,-36.59,113,134 Y,-116.85,-29.43,-8.2,-7.16,7.68
118,527 I,-104.65,134.52,114,135 I,-130.64,176.18,26.0,-41.66,33.83
119,528 E,-94.37,137.48,115,136 E,-118.45,156.44,24.09,-18.96,21.52
120,529 F,-98.25,9.06,116,137 F,-121.47,146.97,23.22,-137.91,80.57
121,530 S,60.26,-129.58,117,138 S,-64.8,163.45,125.06,66.97,96.02
122,531 K,-114.4,147.19,118,139 K,-50.96,151.17,-63.44,-3.98,33.71
123,532 P,-70.69,154.57,119,140 P,-73.61,137.16,2.92,17.41,10.17
124,533 F,-115.72,-11.42,120,141 F,-91.69,-10.05,-24.03,-1.38,12.7
125,534 K,-152.63,115.92,121,142 K,-157.69,137.26,5.05,-21.34,13.2
126,535 Y,-93.48,138.5,122,143 Y,-97.23,145.18,3.76,-6.67,5.22
127,536 Q,-148.57,152.2,123,144 Q,-156.08,-161.86,7.51,-45.94,26.72
128,537 G,-111.13,138.58,124,145 G,-179.35,-166.56,68.22,-54.86,61.54
129,538 L,-71.76,123.85,125,146 L,-94.58,145.6,22.82,-21.75,22.29
130,539 T,-133.75,153.43,126,147 T,-145.35,-171.52,11.6,-35.05,23.32
131,540 I,-94.14,137.19,127,148 I,-132.04,127.12,37.9,10.07,23.98
132,541 L,-122.37,136.42,128,149 L,-99.92,127.42,-22.44,9.0,15.72
133,542 V,-132.73,160.84,129,150 V,-137.4,167.34,4.67,-6.51,5.59
134,543 K,-67.11,139.0,130,151 K,-65.05,142.03,-2.06,-3.03,2.55
135,544 K,-67.74,142.9,131,152 K,-48.43,136.35,-19.31,6.55,12.93
136,661 E,-102.73,-24.21,132,153 G,97.36,-17.47,159.91,-6.74,83.33
137,662 E,-85.51,61.33,133,154 T,-86.01,134.43,0.5,-73.1,36.8
138,663 R,-66.61,-39.19,134,155 R,-115.9,117.62,49.29,-156.81,103.05
139,664 I,-113.63,123.59,135,156 I,-137.01,124.8,23.38,-1.21,12.3
140,665 T,-92.95,54.62,136,157 T,-75.36,-16.4,-17.6,71.01,44.3
141,666 G,77.79,-161.32,137,158 G,140.01,-165.5,-62.23,4.17,33.2
142,667 I,-69.23,-17.44,138,159 I,-65.86,-16.39,-3.37,-1.04,2.2
143,668 N,-82.97,-1.12,139,160 N,-97.11,2.98,14.13,-4.1,9.12
144,669 D,-68.73,123.08,140,161 D,-58.1,136.35,-10.62,-13.27,11.94
145,670 P,-62.46,-31.36,141,162 P,-57.01,-28.39,-5.46,-2.97,4.22
146,671 R,-66.03,-38.37,142,163 R,-78.04,-16.36,12.01,-22.01,17.01
147,672 L,-83.95,-37.33,143,164 L,-87.77,-47.07,3.82,9.73,6.78
148,673 R,-63.81,-43.13,144,165 R,-65.42,-28.16,1.61,-14.98,8.29
149,674 N,-80.87,122.85,145,166 N,-125.38,78.67,44.51,44.18,44.35
150,675 P,-64.82,145.62,146,167 P,-74.74,153.49,9.92,-7.87,8.9
151,676 S,-141.37,156.93,147,168 S,-152.69,169.02,11.32,-12.09,11.7
152,677 D,-64.69,-43.19,148,169 D,-68.1,-5.87,3.41,-37.32,20.37
153,678 K,-67.45,-41.66,149,170 K,-72.84,-23.36,5.39,-18.3,11.85
154,679 F,-72.81,138.81,150,171 F,-142.71,92.73,69.9,46.09,57.99
155,680 I,-128.95,125.06,151,172 I,-84.38,127.5,-44.57,-2.43,23.5
156,681 Y,-83.3,162.03,152,173 Y,-130.82,154.74,47.52,7.29,27.4
157,682 A,-157.57,138.84,153,174 A,-162.68,171.87,5.11,-33.03,19.07
158,683 T,-158.27,163.45,154,175 T,-134.25,-164.0,-24.02,-32.55,28.29
159,684 V,-76.58,125.79,155,176 V,-92.71,126.46,16.13,-0.68,8.4
160,685 K,-72.5,147.67,156,177 K,-47.21,139.98,-25.29,7.69,16.49
161,686 Q,55.92,46.82,157,178 Q,62.04,12.03,-6.12,34.79,20.46
162,687 S,-127.49,-172.71,158,179 S,-82.72,171.96,-44.76,15.33,30.05
163,688 S,-70.68,-14.74,159,180 S,-57.64,-28.68,-13.03,13.94,13.48
164,689 V,-64.67,-43.26,160,181 V,-72.64,-52.3,7.97,9.04,8.5
165,690 D,-64.24,-39.36,161,182 D,-45.89,-48.09,-18.34,8.73,13.53
166,691 I,-64.66,-43.34,162,183 I,-67.77,-37.11,3.11,-6.23,4.67
167,692 Y,-64.57,-42.5,163,184 Y,-60.79,-46.99,-3.78,4.49,4.13
168,693 F,-68.16,-36.81,164,185 F,-67.54,-33.78,-0.61,-3.03,1.82
169,694 R,-87.74,-1.05,165,186 R,-63.11,-25.45,-24.63,24.41,24.52
170,695 R,-71.89,-31.54,166,187 R,-91.62,-13.87,19.73,-17.67,18.7
171,696 Q,-127.19,151.18,167,188 Q,-113.45,128.48,-13.74,22.7,18.22
172,697 V,-74.63,-14.82,168,189 V,-62.58,-35.63,-12.05,20.81,16.43
173,698 E,-63.12,-40.73,169,190 E,-69.94,-16.12,6.82,-24.61,15.72
174,699 L,-97.27,12.31,170,191 L,-101.05,10.41,3.78,1.9,2.84
175,700 S,-63.34,-41.14,171,192 S,-51.69,-46.72,-11.65,5.58,8.62
176,701 T,-70.24,-19.17,172,193 T,-68.81,-36.18,-1.43,17.01,9.22
177,702 M,-92.9,-0.65,173,194 M,-70.44,-44.13,-22.46,43.49,32.97
178,703 Y,-109.77,-54.9,174,195 Y,-57.28,-39.05,-52.49,-15.85,34.17
179,704 R,-66.62,-40.9,175,196 R,-69.08,-33.62,2.46,-7.29,4.87
180,705 H,-73.78,-16.62,176,197 H,-68.12,-48.63,-5.66,32.0,18.83
181,706 M,-130.06,47.56,177,198 M,-62.87,-39.68,-67.2,87.24,77.22
182,707 E,-108.07,-25.8,178,199 E,-55.81,-24.64,-52.26,-1.17,26.71
183,708 K,-69.23,-12.73,179,200 K,-88.11,-18.57,18.89,5.84,12.36
184,709 H,-99.41,10.42,180,201 H,-121.18,0.64,21.77,9.78,15.77
185,710 N,-71.51,158.8,181,202 N,-58.78,149.85,-12.73,8.96,10.85
186,711 Y,-114.32,140.66,182,203 Y,-104.3,162.31,-10.02,-21.64,15.83
187,712 E,-80.1,-15.28,183,204 E,-76.52,-26.64,-3.58,11.36,7.47
188,713 S,-139.45,149.02,184,205 S,-152.76,156.14,13.31,-7.12,10.22
189,714 A,-69.55,-34.85,185,206 A,-59.79,-39.68,-9.76,4.82,7.29
190,715 A,-63.1,-41.03,186,207 A,-56.82,-43.24,-6.28,2.21,4.25
191,716 E,-63.38,-41.42,187,208 E,-70.93,-36.09,7.56,-5.33,6.44
192,717 A,-63.82,-41.54,188,209 A,-65.71,-42.29,1.89,0.75,1.32
193,718 I,-63.6,-43.44,189,210 I,-61.53,-46.9,-2.08,3.45,2.76
194,719 Q,-62.86,-40.76,190,211 Q,-59.67,-41.4,-3.19,0.64,1.91
195,720 A,-65.4,-41.59,191,212 A,-60.23,-35.01,-5.17,-6.58,5.88
196,721 V,-75.24,-22.78,192,213 V,-67.33,-47.15,-7.91,24.37,16.14
197,722 R,-69.4,-24.4,193,214 R,-53.45,-37.35,-15.95,12.95,14.45
198,723 D,-97.18,14.98,194,215 D,-91.4,7.41,-5.78,7.56,6.67
199,724 N,58.92,32.1,195,216 N,57.57,29.75,1.36,2.35,1.85
200,725 K,-100.01,4.78,196,217 K,-97.04,-14.05,-2.97,18.83,10.9
201,726 L,-137.87,137.24,197,218 L,-137.8,126.91,-0.07,10.33,5.2
202,727 H,-63.69,-62.42,198,219 H,-86.06,-26.95,22.37,-35.46,28.92
203,728 A,-155.81,158.1,199,220 A,-152.82,133.92,-2.99,24.18,13.59
204,729 F,-129.24,136.94,200,221 F,-117.35,124.28,-11.88,12.66,12.27
205,730 I,-138.34,179.66,201,222 I,-99.19,119.5,-39.15,60.16,49.66
206,731 W,59.85,30.86,202,223 W,-160.98,175.53,-139.17,-144.67,141.92
207,732 D,-139.95,47.35,203,224 D,-55.32,129.93,-84.63,-82.58,83.61
208,733 S,-57.94,-30.37,204,225 S,-66.34,-32.51,8.41,2.14,5.27
209,734 A,-59.84,-42.03,205,226 A,-66.02,-30.48,6.18,-11.56,8.87
210,735 V,-94.02,-19.84,206,227 V,-76.3,-52.68,-17.73,32.83,25.28
211,736 L,-75.56,-24.92,207,228 L,-67.19,-37.68,-8.36,12.76,10.56
212,737 E,-73.28,-10.32,208,229 E,-64.96,-34.39,-8.32,24.07,16.19
213,738 F,-111.12,-34.74,209,230 F,-69.62,-39.49,-41.5,4.75,23.12
214,739 E,-65.4,-41.55,210,231 E,-59.92,-45.35,-5.48,3.8,4.64
215,740 A,-73.54,-13.51,211,232 A,-65.01,-32.87,-8.53,19.36,13.94
216,741 S,-100.5,-57.53,212,233 S,-69.94,-19.21,-30.56,-38.31,34.44
217,742 Q,-70.12,-48.3,213,234 Q,-109.39,-21.36,39.28,-26.94,33.11
218,743 K,-75.6,-30.13,214,235 K,-126.74,103.63,51.13,-133.75,92.44
219,744 C,40.12,51.6,215,236 C,-70.03,-11.26,110.15,62.86,86.5
220,745 D,-122.39,-12.7,216,237 D,-83.55,-3.28,-38.84,-9.42,24.13
221,746 L,-132.22,156.59,217,238 L,-117.94,148.83,-14.28,7.75,11.01
222,747 V,-113.28,150.65,218,239 V,-143.67,159.61,30.39,-8.96,19.67
223,748 T,-118.32,127.72,219,240 T,-96.75,156.44,-21.57,-28.72,25.14
224,749 T,-133.01,171.01,220,241 T,-146.61,149.22,13.6,21.79,17.69
225,750 G,95.26,156.25,221,242 G,91.75,171.46,3.52,-15.21,9.36
226,751 E,-78.79,166.22,222,243 E,-73.31,138.41,-5.48,27.81,16.65
227,752 L,-91.19,102.89,223,244 L,-62.55,152.3,-28.64,-49.42,39.03
228,753 F,-89.23,-3.4,224,245 F,-142.29,169.36,53.06,-172.76,112.91
229,754 F,-147.68,95.92,225,246 F,47.92,56.66,164.4,39.26,101.83
230,755 R,-85.17,92.86,226,247 R,-65.35,150.73,-19.81,-57.87,38.84
231,756 S,-111.27,142.84,227,248 S,-158.41,-172.13,47.14,-45.02,46.08
232,757 G,-110.15,124.38,228,249 G,-139.12,163.5,28.96,-39.12,34.04
233,758 F,-63.37,131.0,229,250 F,-101.23,134.71,37.86,-3.71,20.78
234,759 G,-120.54,173.87,230,251 G,-134.79,159.46,14.25,14.4,14.33
235,760 I,-107.0,94.32,231,252 I,-77.45,134.14,-29.55,-39.82,34.68
236,761 G,-79.7,142.26,232,253 G,-95.4,135.71,15.7,6.55,11.13
237,762 M,-135.82,-169.83,233,254 M,-141.05,154.99,5.23,35.18,20.2
238,763 R,-70.72,157.07,234,255 R,-63.35,153.66,-7.37,3.41,5.39
239,764 K,-66.53,131.29,235,256 K,-54.24,141.4,-12.29,-10.12,11.2
240,765 D,55.31,39.06,236,257 D,66.15,30.21,-10.85,8.85,9.85
241,766 S,-69.71,138.78,237,258 S,-58.2,142.37,-11.51,-3.59,7.55
242,767 P,-74.73,-7.86,238,259 P,-75.9,-10.7,1.17,2.84,2.0
243,768 W,-97.14,8.48,239,260 W,-91.72,-19.16,-5.42,27.64,16.53
244,769 K,-63.64,-41.39,240,261 K,-61.12,-48.38,-2.53,6.99,4.76
245,770 Q,-64.12,-43.41,241,262 Q,-59.9,-46.67,-4.22,3.25,3.74
246,771 N,-64.89,-45.07,242,263 N,-74.76,-30.66,9.87,-14.42,12.14
247,772 V,-68.3,-35.43,243,264 V,-64.86,-45.39,-3.44,9.96,6.7
248,773 S,-63.87,-43.55,244,265 S,-62.68,-43.72,-1.19,0.17,0.68
249,774 L,-63.53,-41.02,245,266 L,-64.28,-40.18,0.75,-0.85,0.8
250,775 S,-64.33,-41.95,246,267 S,-61.67,-45.21,-2.66,3.26,2.96
251,776 I,-71.58,-26.87,247,268 I,-64.04,-42.64,-7.55,15.76,11.66
252,777 L,-74.27,-40.33,248,269 L,-64.2,-41.28,-10.06,0.95,5.51
253,778 K,-65.17,-29.32,249,270 K,-61.16,-37.63,-4.01,8.31,6.16
254,779 S,-62.78,-40.56,250,271 S,-70.81,-27.73,8.03,-12.82,10.42
255,780 H,-74.62,-28.39,251,272 H,-69.31,-30.27,-5.31,1.88,3.6
256,781 E,-63.52,-43.53,252,273 E,-93.65,-15.74,30.14,-27.79,28.96
257,782 N,-95.13,1.56,253,274 N,-115.36,4.57,20.24,-3.02,11.63
258,783 G,72.46,23.9,254,275 G,103.65,-17.84,-31.19,41.74,36.47
259,784 F,-64.05,-42.08,255,276 F,-58.82,-48.52,-5.23,6.45,5.84
260,785 M,-63.84,-41.02,256,277 M,-65.65,-34.99,1.81,-6.03,3.92
261,786 E,-63.37,-40.3,257,278 E,-65.59,-35.14,2.23,-5.16,3.69
262,787 D,-63.0,-42.84,258,279 D,-66.82,-36.61,3.82,-6.23,5.03
263,788 L,-63.21,-41.76,259,280 L,-66.77,-38.73,3.56,-3.04,3.3
264,789 D,-63.07,-43.58,260,281 D,-63.84,-40.69,0.77,-2.89,1.83
265,790 K,-65.87,-31.62,261,282 K,-66.64,-32.68,0.77,1.05,0.91
266,791 T,-74.11,-36.59,262,283 T,-76.46,-36.57,2.35,-0.03,1.19
267,792 W,-88.24,-58.04,263,284 W,-119.94,-28.69,31.7,-29.36,30.53
268,793 V,-63.93,-44.42,264,285 V,-106.27,-28.24,42.34,-16.19,29.26
269,794 R,-65.17,-38.84,265,286 R,-91.44,130.48,26.26,-169.32,97.79
270,795 Y,-63.13,-43.18,266,287 Y,-138.74,162.79,75.61,154.03,114.82
271,796 Q,-93.4,75.71,267,288 Q,-128.16,4.15,34.76,71.56,53.16
272,797 E,-129.97,167.85,268,289 E,-59.8,-42.44,-70.17,-149.71,109.94
