node,resname,resseq,bridge_path_cov,betweenness_ST,delta_len,participation,is_S,is_T,BridgeScore_Zsum
557,PRO,557,0.0,0.0,0.0,0.6645514537766688,False,False,3.644117739454975
32,VAL,32,0.0,0.0,0.0,0.6484735521942551,False,False,3.5440761756245625
727,HIS,727,0.0,0.0,0.0,0.6413796017861433,False,False,3.4999354717568907
558,PHE,558,0.0,0.0,0.0,0.633847951935291,False,False,3.4530712696444383
145,SER,145,0.0,0.0,0.0,0.6239506339932721,False,False,3.3914871655515633
172,GLU,172,0.0,0.0,0.0,0.6162739847634453,False,False,3.343720733471307
749,THR,749,0.0,0.0,0.0,0.6146907255022338,False,False,3.333869215745024
520,ASN,520,0.0,0.0,0.0,0.6119463607179281,False,False,3.316792948463766
728,ALA,728,0.0,0.0,0.0,0.5982979019675115,False,False,3.231868112329674
482,GLY,482,0.0,0.0,0.0,0.5761826104451294,False,False,3.0942600832517635
31,ALA,31,0.0,0.0,0.0,0.5741770444075263,False,False,3.0817808451037676
556,GLN,556,0.0,0.0,0.0,0.5706863596143676,False,False,3.060060749122548
750,GLY,750,0.0,0.0,0.0,0.5621169877297756,False,False,3.0067395268234463
277,GLU,277,0.0,0.0,0.0,0.5595125162942485,False,False,2.9905337182466125
518,THR,518,0.0,0.0,0.0,0.5271392936914595,False,False,2.7890977411191265
555,MET,555,0.0,0.0,0.0,0.513469156728056,False,False,2.7040380165907285
726,LEU,726,0.0,0.0,0.0,0.5127400162649498,False,False,2.699501084217603
759,GLY,759,0.0,0.0,0.0,0.4999936387990831,False,False,2.6201892705258936
314,ILE,314,0.0,0.0,0.0,0.49987125270035515,False,False,2.6194277472235465
302,THR,302,0.0,0.0,0.0,0.49978797936860586,False,False,2.618909595380729
751,GLU,751,0.0,0.0,0.0,0.4994521916275818,False,False,2.61682022255089
248,LEU,248,0.0,0.0,0.0,0.49937158739733123,False,False,2.616318678664439
510,ALA,510,0.0,0.0,0.0,0.4985804680898235,False,False,2.611396095185879
276,ASN,276,0.0,0.0,0.0,0.49825418384922704,False,False,2.6093658560085107
479,VAL,479,0.0,0.0,0.0,0.47934933473247776,False,False,2.491734170062237
393,GLN,393,0.0,0.0,0.0,0.478458019625729,False,False,2.486188138032637
474,TYR,474,0.0,0.0,0.0,0.4759526317222751,False,False,2.4705988571442976
398,LEU,398,0.0,0.0,0.0,0.47331110883007155,False,False,2.4541625032037477
114,TYR,114,0.0,0.0,0.0,0.47108992151915796,False,False,2.4403416043131165
408,PHE,408,0.0,0.0,0.0,0.4681617121905064,False,False,2.4221214007026197
90,ILE,90,0.0,0.0,0.0,0.46777758183074236,False,False,2.419731225485503
170,ASP,170,0.0,0.0,0.0,0.46637557700611154,False,False,2.4110075276549807
171,HIS,171,0.0,0.0,0.0,0.4640999623002362,False,False,2.3968479650600543
797,GLU,797,0.0,0.0,0.0,0.4636039662923639,False,False,2.39376172796457
664,ILE,664,0.0,0.0,0.0,0.4620000602942369,False,False,2.383781739999902
449,HIS,449,0.0,0.0,0.0,0.4619420508466341,False,False,2.3834207876812568
95,PRO,95,0.0,0.0,0.0,0.45674419389155396,False,False,2.3510781504479388
329,LYS,329,0.0,0.0,0.0,0.45389030063654023,False,False,2.333320363912603
116,ILE,116,0.0,0.0,0.0,0.45346663145695276,False,False,2.330684166206365
532,PRO,532,0.0,0.0,0.0,0.45163574886590196,False,False,2.3192918612678306
516,PRO,516,0.0,0.0,0.0,0.4512846311160793,False,False,2.317107100489142
94,HIS,94,0.0,0.0,0.0,0.45108766762882635,False,False,2.3158815341314134
161,ASN,161,0.0,0.0,0.0,0.44792851761238794,False,False,2.296224347750507
191,ALA,191,0.0,0.0,0.0,0.44745055095035813,False,False,2.2932502946949413
303,ASP,303,0.0,0.0,0.0,0.4473945967909514,False,False,2.2929021310007447
190,LYS,190,0.0,0.0,0.0,0.44340750652466854,False,False,2.268093250107466
483,LYS,483,0.0,0.0,0.0,0.4414564001127288,False,False,2.255952876212934
515,ALA,515,0.0,0.0,0.0,0.440908442281738,False,False,2.252543316946481
313,ASN,313,0.0,0.0,0.0,0.43719325780482254,False,False,2.229426316068976
457,GLY,457,0.0,0.0,0.0,0.4370208272854956,False,False,2.228353401253748
146,HIS,146,0.0,0.0,0.0,0.4362905209136274,False,False,2.223809214243863
394,MET,394,0.0,0.0,0.0,0.4360578440416675,False,False,2.222361428410698
173,GLY,173,0.0,0.0,0.0,0.4249614558934405,False,False,2.153316347028179
688,SER,688,0.0,0.0,0.0,0.4206796190744887,False,False,2.1266734639853366
403,ILE,403,0.0,0.0,0.0,0.42036196406435467,False,False,2.1246969184884335
66,THR,66,0.0,0.0,0.0,0.41995499990541707,False,False,2.1221646644704353
175,ALA,175,0.0,0.0,0.0,0.4198967490091625,False,False,2.1218022097852915
509,GLN,509,0.0,0.0,0.0,0.41494463867149445,False,False,2.0909886822921915
451,VAL,451,0.0,0.0,0.0,0.414120589068117,False,False,2.0858611965582394
370,THR,370,0.0,0.0,0.0,0.41193329205652573,False,False,2.072251173354681
67,HIS,67,0.0,0.0,0.0,0.41150406389971084,False,False,2.069580386011712
88,TYR,88,0.0,0.0,0.0,0.40787926886834835,False,False,2.0470258155882397
407,PRO,407,0.0,0.0,0.0,0.4075240978833585,False,False,2.0448158343550893
381,TRP,381,0.0,0.0,0.0,0.4064136966045764,False,False,2.0379065819355966
473,THR,473,0.0,0.0,0.0,0.4060522635463114,False,False,2.035657636189568
438,GLY,438,0.0,0.0,0.0,0.4038827760800521,False,False,2.022158429360708
174,ARG,174,0.0,0.0,0.0,0.39508698408974396,False,False,1.967428352719367
680,ILE,680,0.0,0.0,0.0,0.39417422168056615,False,False,1.9617488690907543
380,ILE,380,0.0,0.0,0.0,0.3921150068337521,False,False,1.9489358118343638
681,TYR,681,0.0,0.0,0.0,0.39069254926491803,False,False,1.9400848508467543
265,GLY,265,0.0,0.0,0.0,0.38990170044961703,False,False,1.9351639504524714
382,PRO,382,0.0,0.0,0.0,0.3882708975160438,False,False,1.9250166016247898
531,LYS,531,0.0,0.0,0.0,0.3860473263229677,False,False,1.9111808694987198
397,ARG,397,0.0,0.0,0.0,0.3820500457919762,False,False,1.886308581698012
440,ASN,440,0.0,0.0,0.0,0.3796475233808809,False,False,1.8713593609983104
160,TRP,160,0.0,0.0,0.0,0.3788398854429549,False,False,1.866333993607875
450,THR,450,0.0,0.0,0.0,0.37788772976802454,False,False,1.8604093931715702
113,PHE,113,0.0,0.0,0.0,0.3750793450245411,False,False,1.842934774351732
247,TRP,247,0.0,0.0,0.0,0.372503737264385,False,False,1.8269085642882494
456,TYR,456,0.0,0.0,0.0,0.371495833428219,False,False,1.8206370819406394
112,GLY,112,0.0,0.0,0.0,0.3687380328161718,False,False,1.803477212877661
167,VAL,167,0.0,0.0,0.0,0.36821871120096417,False,False,1.800245836802245
395,SER,395,0.0,0.0,0.0,0.36640661928823515,False,False,1.788970453144458
505,LEU,505,0.0,0.0,0.0,0.3662528945920096,False,False,1.7880139316151447
753,PHE,753,0.0,0.0,0.0,0.3578581273220699,False,False,1.735779152009593
459,CYS,459,0.0,0.0,0.0,0.35318403516169505,False,False,1.706695537657653
519,ILE,519,0.0,0.0,0.0,0.35295768581029974,False,False,1.7052871235701854
798,CYS,798,0.0,0.0,0.0,0.3426691872370836,False,False,1.641268975340111
177,GLN,177,0.0,0.0,0.0,0.33955853794832613,False,False,1.621913575148108
111,ALA,111,0.0,0.0,0.0,0.3384568308173377,False,False,1.6150584203443394
89,ALA,89,0.0,0.0,0.0,0.3375857881070552,False,False,1.6096385292936903
176,ALA,176,0.0,0.0,0.0,0.3368402963810807,False,False,1.6049998544201796
334,VAL,334,0.0,0.0,0.0,0.3342853619248175,False,False,1.589102279902846
665,THR,665,0.0,0.0,0.0,0.3314886482105831,False,False,1.5717002817550276
34,SER,34,0.0,0.0,0.0,0.3312659123701438,False,False,1.5703143520250558
460,ILE,460,0.0,0.0,0.0,0.3287543144842322,False,False,1.5546864307486505
328,SER,328,0.0,0.0,0.0,0.32872437249823205,False,False,1.5545001226606026
33,LEU,33,0.0,0.0,0.0,0.3270421735252079,False,False,1.5440329721389618
135,LEU,135,0.0,0.0,0.0,0.32485759355840194,False,False,1.5304398552093923
517,LEU,517,0.0,0.0,0.0,0.3233884570732569,False,False,1.521298443893939
140,THR,140,0.0,0.0,0.0,0.3227235630675602,False,False,1.5171612723998602
312,THR,312,0.0,0.0,0.0,0.32098612436296303,False,False,1.5063504035699682
508,GLY,508,0.0,0.0,0.0,0.3187255372356135,False,False,1.492284347111312
481,ASP,481,0.0,0.0,0.0,0.3184841858479952,False,False,1.4907825858195036
189,SER,189,0.0,0.0,0.0,0.3174015647222066,False,False,1.484046189909592
142,PRO,142,0.0,0.0,0.0,0.3104894129117741,False,False,1.4410366918725313
533,PHE,533,0.0,0.0,0.0,0.31026630419254864,False,False,1.4396484419780342
304,PRO,304,0.0,0.0,0.0,0.30899736078460305,False,False,1.4317526925052282
478,LEU,478,0.0,0.0,0.0,0.3027628776879989,False,False,1.3929598540579042
396,THR,396,0.0,0.0,0.0,0.298010235592002,False,False,1.3633874782616844
472,PHE,472,0.0,0.0,0.0,0.29655050405676997,False,False,1.3543045873876092
340,PHE,340,0.0,0.0,0.0,0.2924602341657152,False,False,1.3288536916788585
249,VAL,249,0.0,0.0,0.0,0.29125231335661406,False,False,1.321337643262568
221,LEU,221,0.0,0.0,0.0,0.29020986218783285,False,False,1.314851196968122
409,VAL,409,0.0,0.0,0.0,0.28927728320796064,False,False,1.309048408646303
103,THR,103,0.0,0.0,0.0,0.2882877578239167,False,False,1.3028912825834138
344,GLY,344,0.0,0.0,0.0,0.2839291368946968,False,False,1.275770625595435
662,GLU,662,0.0,0.0,0.0,0.28280885224905794,False,False,1.2687998758797197
729,PHE,729,0.0,0.0,0.0,0.2738780383650248,False,False,1.2132296521998889
559,GLN,559,0.0,0.0,0.0,0.26920160038485985,False,False,1.1841314414480975
122,THR,122,0.0,0.0,0.0,0.2688200271610326,False,False,1.181757177503775
796,GLN,796,0.0,0.0,0.0,0.26715421253462024,False,False,1.1713919753395727
278,SER,278,0.0,0.0,0.0,0.2650083832107848,False,False,1.1580399766244875
682,ALA,682,0.0,0.0,0.0,0.2644007863861877,False,False,1.1542593255115603
752,LEU,752,0.0,0.0,0.0,0.26175190905698575,False,False,1.1377772100408357
439,PRO,439,0.0,0.0,0.0,0.26151987508510555,False,False,1.1363334245263088
458,PHE,458,0.0,0.0,0.0,0.2577134971212536,False,False,1.1126489902062298
220,ILE,220,0.0,0.0,0.0,0.2563111370875899,False,False,1.1039230821577293
757,GLY,757,0.0,0.0,0.0,0.25612538607547264,False,False,1.102767283209711
121,LEU,121,0.0,0.0,0.0,0.25490125007689746,False,False,1.0951503389828277
262,ALA,262,0.0,0.0,0.0,0.25485506041433403,False,False,1.0948629329396973
138,LEU,138,0.0,0.0,0.0,0.2536228539884713,False,False,1.0871957720746233
159,SER,159,0.0,0.0,0.0,0.2534338780975176,False,False,1.086019906955637
144,TYR,144,0.0,0.0,0.0,0.25001346868874075,False,False,1.0647370856595684
106,PRO,106,0.0,0.0,0.0,0.24577322006850633,False,False,1.0383529769608313
279,ALA,279,0.0,0.0,0.0,0.24295804927135,False,False,1.020836133263686
253,GLU,253,0.0,0.0,0.0,0.2411594034592215,False,False,1.0096444153084536
127,ILE,127,0.0,0.0,0.0,0.24091490798352888,False,False,1.0081230905502212
264,ASP,264,0.0,0.0,0.0,0.23192700349806983,False,False,0.9521976318904156
71,ALA,71,0.0,0.0,0.0,0.23004134904844098,False,False,0.940464519890838
149,SER,149,0.0,0.0,0.0,0.22980737569920562,False,False,0.9390086669841535
758,PHE,758,0.0,0.0,0.0,0.228838997662965,False,False,0.9329831261119229
504,GLU,504,0.0,0.0,0.0,0.22453357256608086,False,False,0.9061934696732914
346,ARG,346,0.0,0.0,0.0,0.22424032609794176,False,False,0.9043688015031323
763,ARG,763,0.0,0.0,0.0,0.22175133629124355,False,False,0.8888815545297829
130,ASP,130,0.0,0.0,0.0,0.2166504534481548,False,False,0.8571423195355539
75,ALA,75,0.0,0.0,0.0,0.21560745417724725,False,False,0.8506524627839921
742,GLN,742,0.0,0.0,0.0,0.2149711164471816,False,False,0.8466929770691587
326,MET,326,0.0,0.0,0.0,0.21268888563706922,False,False,0.8324922470736892
666,GLY,666,0.0,0.0,0.0,0.21259080274064868,False,False,0.8318819456427077
143,PRO,143,0.0,0.0,0.0,0.2070537406874895,False,False,0.7974286717509217
148,SER,148,0.0,0.0,0.0,0.20668088409720609,False,False,0.7951086453354579
228,ALA,228,0.0,0.0,0.0,0.2023563855820174,False,False,0.7682003083224369
42,PHE,42,0.0,0.0,0.0,0.19794263750605512,False,False,0.7407366335630563
738,PHE,738,0.0,0.0,0.0,0.19446439171728935,False,False,0.7190939368273525
735,VAL,735,0.0,0.0,0.0,0.19033463662736627,False,False,0.6933973522752728
741,SER,741,0.0,0.0,0.0,0.1889387148819155,False,False,0.6847115052022612
280,HIS,280,0.0,0.0,0.0,0.18469124780759305,False,False,0.658282481100124
669,ASP,669,0.0,0.0,0.0,0.18448939063796654,False,False,0.6570264647713572
153,GLU,153,0.0,0.0,0.0,0.18230843099993588,False,False,0.6434558746218159
232,TYR,232,0.0,0.0,0.0,0.17639919452435815,False,False,0.6066868189692336
126,SER,126,0.0,0.0,0.0,0.17409960134638824,False,False,0.5923780550724889
180,LEU,180,0.0,0.0,0.0,0.17170628227299645,False,False,0.5774861003220528
28,ASN,28,0.0,0.0,0.0,0.0,False,False,-0.49092229302737
29,ILE,29,0.0,0.0,0.0,0.0,False,False,-0.49092229302737
30,GLY,30,0.0,0.0,0.0,0.0,False,False,-0.49092229302737
35,THR,35,0.0,0.0,0.0,0.0,False,False,-0.49092229302737
36,ARG,36,0.0,0.0,0.0,0.0,False,False,-0.49092229302737
37,LYS,37,0.0,0.0,0.0,0.0,False,False,-0.49092229302737
38,HIS,38,0.0,0.0,0.0,0.0,False,False,-0.49092229302737
39,GLU,39,0.0,0.0,0.0,0.0,False,False,-0.49092229302737
40,GLN,40,0.0,0.0,0.0,0.0,False,False,-0.49092229302737
41,MET,41,0.0,0.0,0.0,0.0,False,False,-0.49092229302737
43,ARG,43,0.0,0.0,0.0,0.0,False,False,-0.49092229302737
44,GLU,44,0.0,0.0,0.0,0.0,False,False,-0.49092229302737
45,ALA,45,0.0,0.0,0.0,0.0,False,False,-0.49092229302737
46,VAL,46,0.0,0.0,0.0,0.0,False,False,-0.49092229302737
47,ASN,47,0.0,0.0,0.0,0.0,False,False,-0.49092229302737
48,GLN,48,0.0,0.0,0.0,0.0,False,False,-0.49092229302737
49,ALA,49,0.0,0.0,0.0,0.0,False,False,-0.49092229302737
50,ASN,50,0.0,0.0,0.0,0.0,False,False,-0.49092229302737
51,LYS,51,0.0,0.0,0.0,0.0,False,False,-0.49092229302737
52,ARG,52,0.0,0.0,0.0,0.0,False,False,-0.49092229302737
58,ILE,58,0.0,0.0,0.0,0.0,False,False,-0.49092229302737
59,GLN,59,0.0,0.0,0.0,0.0,False,False,-0.49092229302737
60,LEU,60,0.0,0.0,0.0,0.0,False,False,-0.49092229302737
61,ASN,61,0.0,0.0,0.0,0.0,False,False,-0.49092229302737
62,ALA,62,0.0,0.0,0.0,0.0,False,False,-0.49092229302737
63,THR,63,0.0,0.0,0.0,0.0,False,False,-0.49092229302737
64,SER,64,0.0,0.0,0.0,0.0,False,False,-0.49092229302737
65,VAL,65,0.0,0.0,0.0,0.0,False,False,-0.49092229302737
68,LYS,68,0.0,0.0,0.0,0.0,False,False,-0.49092229302737
69,PRO,69,0.0,0.0,0.0,0.0,False,False,-0.49092229302737
70,ASN,70,0.0,0.0,0.0,0.0,False,False,-0.49092229302737
72,ILE,72,0.0,0.0,0.0,0.0,False,False,-0.49092229302737
73,GLN,73,0.0,0.0,0.0,0.0,False,False,-0.49092229302737
74,MET,74,0.0,0.0,0.0,0.0,False,False,-0.49092229302737
76,LEU,76,0.0,0.0,0.0,0.0,False,False,-0.49092229302737
77,SER,77,0.0,0.0,0.0,0.0,False,False,-0.49092229302737
78,VAL,78,0.0,0.0,0.0,0.0,False,False,-0.49092229302737
79,CYS,79,0.0,0.0,0.0,0.0,False,False,-0.49092229302737
80,GLU,80,0.0,0.0,0.0,0.0,False,False,-0.49092229302737
81,ASP,81,0.0,0.0,0.0,0.0,False,False,-0.49092229302737
82,LEU,82,0.0,0.0,0.0,0.0,False,False,-0.49092229302737
83,ILE,83,0.0,0.0,0.0,0.0,False,False,-0.49092229302737
84,SER,84,0.0,0.0,0.0,0.0,False,False,-0.49092229302737
85,SER,85,0.0,0.0,0.0,0.0,False,False,-0.49092229302737
86,GLN,86,0.0,0.0,0.0,0.0,False,False,-0.49092229302737
87,VAL,87,0.0,0.0,0.0,0.0,False,False,-0.49092229302737
91,LEU,91,0.0,0.0,0.0,0.0,False,False,-0.49092229302737
92,VAL,92,0.0,0.0,0.0,0.0,False,False,-0.49092229302737
93,SER,93,0.0,0.0,0.0,0.0,False,False,-0.49092229302737
96,PRO,96,0.0,0.0,0.0,0.0,False,False,-0.49092229302737
97,THR,97,0.0,0.0,0.0,0.0,False,False,-0.49092229302737
98,PRO,98,0.0,0.0,0.0,0.0,False,False,-0.49092229302737
99,ASN,99,0.0,0.0,0.0,0.0,False,False,-0.49092229302737
100,ASP,100,0.0,0.0,0.0,0.0,False,False,-0.49092229302737
101,HIS,101,0.0,0.0,0.0,0.0,False,False,-0.49092229302737
102,PHE,102,0.0,0.0,0.0,0.0,False,False,-0.49092229302737
104,PRO,104,0.0,0.0,0.0,0.0,False,False,-0.49092229302737
105,THR,105,0.0,0.0,0.0,0.0,False,False,-0.49092229302737
107,VAL,107,0.0,0.0,0.0,0.0,False,False,-0.49092229302737
108,SER,108,0.0,0.0,0.0,0.0,False,False,-0.49092229302737
109,TYR,109,0.0,0.0,0.0,0.0,False,False,-0.49092229302737
110,THR,110,0.0,0.0,0.0,0.0,False,False,-0.49092229302737
115,ARG,115,0.0,0.0,0.0,0.0,False,False,-0.49092229302737
117,PRO,117,0.0,0.0,0.0,0.0,False,False,-0.49092229302737
118,VAL,118,0.0,0.0,0.0,0.0,False,False,-0.49092229302737
119,LEU,119,0.0,0.0,0.0,0.0,False,False,-0.49092229302737
120,GLY,120,0.0,0.0,0.0,0.0,False,False,-0.49092229302737
123,THR,123,0.0,0.0,0.0,0.0,False,False,-0.49092229302737
124,ARG,124,0.0,0.0,0.0,0.0,False,False,-0.49092229302737
125,MET,125,0.0,0.0,0.0,0.0,False,False,-0.49092229302737
128,TYR,128,0.0,0.0,0.0,0.0,False,False,-0.49092229302737
129,SER,129,0.0,0.0,0.0,0.0,False,False,-0.49092229302737
131,LYS,131,0.0,0.0,0.0,0.0,False,False,-0.49092229302737
132,SER,132,0.0,0.0,0.0,0.0,False,False,-0.49092229302737
133,ILE,133,0.0,0.0,0.0,0.0,False,False,-0.49092229302737
134,HIS,134,0.0,0.0,0.0,0.0,False,False,-0.49092229302737
136,SER,136,0.0,0.0,0.0,0.0,False,False,-0.49092229302737
137,PHE,137,0.0,0.0,0.0,0.0,False,False,-0.49092229302737
139,ARG,139,0.0,0.0,0.0,0.0,False,False,-0.49092229302737
141,VAL,141,0.0,0.0,0.0,0.0,False,False,-0.49092229302737
147,GLN,147,0.0,0.0,0.0,0.0,False,False,-0.49092229302737
150,VAL,150,0.0,0.0,0.0,0.0,False,False,-0.49092229302737
151,TRP,151,0.0,0.0,0.0,0.0,False,False,-0.49092229302737
152,PHE,152,0.0,0.0,0.0,0.0,False,False,-0.49092229302737
154,MET,154,0.0,0.0,0.0,0.0,False,False,-0.49092229302737
155,MET,155,0.0,0.0,0.0,0.0,False,False,-0.49092229302737
156,ARG,156,0.0,0.0,0.0,0.0,False,False,-0.49092229302737
157,VAL,157,0.0,0.0,0.0,0.0,False,False,-0.49092229302737
158,TYR,158,0.0,0.0,0.0,0.0,False,False,-0.49092229302737
162,HIS,162,0.0,0.0,0.0,0.0,False,False,-0.49092229302737
163,ILE,163,0.0,0.0,0.0,0.0,False,False,-0.49092229302737
164,ILE,164,0.0,0.0,0.0,0.0,False,False,-0.49092229302737
165,LEU,165,0.0,0.0,0.0,0.0,False,False,-0.49092229302737
166,LEU,166,0.0,0.0,0.0,0.0,False,False,-0.49092229302737
168,SER,168,0.0,0.0,0.0,0.0,False,False,-0.49092229302737
169,ASP,169,0.0,0.0,0.0,0.0,False,False,-0.49092229302737
178,LYS,178,0.0,0.0,0.0,0.0,False,False,-0.49092229302737
179,ARG,179,0.0,0.0,0.0,0.0,False,False,-0.49092229302737
181,GLU,181,0.0,0.0,0.0,0.0,False,False,-0.49092229302737
182,THR,182,0.0,0.0,0.0,0.0,False,False,-0.49092229302737
183,LEU,183,0.0,0.0,0.0,0.0,False,False,-0.49092229302737
184,LEU,184,0.0,0.0,0.0,0.0,False,False,-0.49092229302737
185,GLU,185,0.0,0.0,0.0,0.0,False,False,-0.49092229302737
186,GLU,186,0.0,0.0,0.0,0.0,False,False,-0.49092229302737
192,GLU,192,0.0,0.0,0.0,0.0,False,False,-0.49092229302737
193,LYS,193,0.0,0.0,0.0,0.0,False,False,-0.49092229302737
194,VAL,194,0.0,0.0,0.0,0.0,False,False,-0.49092229302737
195,LEU,195,0.0,0.0,0.0,0.0,False,False,-0.49092229302737
196,GLN,196,0.0,0.0,0.0,0.0,False,False,-0.49092229302737
197,PHE,197,0.0,0.0,0.0,0.0,False,False,-0.49092229302737
198,ASP,198,0.0,0.0,0.0,0.0,False,False,-0.49092229302737
199,PRO,199,0.0,0.0,0.0,0.0,False,False,-0.49092229302737
200,GLY,200,0.0,0.0,0.0,0.0,False,False,-0.49092229302737
201,THR,201,0.0,0.0,0.0,0.0,False,False,-0.49092229302737
202,LYS,202,0.0,0.0,0.0,0.0,False,False,-0.49092229302737
203,ASN,203,0.0,0.0,0.0,0.0,False,False,-0.49092229302737
204,VAL,204,0.0,0.0,0.0,0.0,False,False,-0.49092229302737
205,THR,205,0.0,0.0,0.0,0.0,False,False,-0.49092229302737
206,ALA,206,0.0,0.0,0.0,0.0,False,False,-0.49092229302737
207,LEU,207,0.0,0.0,0.0,0.0,False,False,-0.49092229302737
208,LEU,208,0.0,0.0,0.0,0.0,False,False,-0.49092229302737
209,MET,209,0.0,0.0,0.0,0.0,False,False,-0.49092229302737
210,GLU,210,0.0,0.0,0.0,0.0,False,False,-0.49092229302737
211,ALA,211,0.0,0.0,0.0,0.0,False,False,-0.49092229302737
212,LYS,212,0.0,0.0,0.0,0.0,False,False,-0.49092229302737
213,GLU,213,0.0,0.0,0.0,0.0,False,False,-0.49092229302737
214,LEU,214,0.0,0.0,0.0,0.0,False,False,-0.49092229302737
215,GLU,215,0.0,0.0,0.0,0.0,False,False,-0.49092229302737
216,ALA,216,0.0,0.0,0.0,0.0,False,False,-0.49092229302737
217,ARG,217,0.0,0.0,0.0,0.0,False,False,-0.49092229302737
218,VAL,218,0.0,0.0,0.0,0.0,False,False,-0.49092229302737
219,ILE,219,0.0,0.0,0.0,0.0,False,False,-0.49092229302737
222,SER,222,0.0,0.0,0.0,0.0,False,False,-0.49092229302737
223,ALA,223,0.0,0.0,0.0,0.0,False,False,-0.49092229302737
224,SER,224,0.0,0.0,0.0,0.0,False,False,-0.49092229302737
225,GLU,225,0.0,0.0,0.0,0.0,False,False,-0.49092229302737
226,ASP,226,0.0,0.0,0.0,0.0,False,False,-0.49092229302737
227,ASP,227,0.0,0.0,0.0,0.0,False,False,-0.49092229302737
229,ALA,229,0.0,0.0,0.0,0.0,False,False,-0.49092229302737
230,THR,230,0.0,0.0,0.0,0.0,False,False,-0.49092229302737
231,VAL,231,0.0,0.0,0.0,0.0,False,False,-0.49092229302737
233,ARG,233,0.0,0.0,0.0,0.0,False,False,-0.49092229302737
234,ALA,234,0.0,0.0,0.0,0.0,False,False,-0.49092229302737
235,ALA,235,0.0,0.0,0.0,0.0,False,False,-0.49092229302737
236,ALA,236,0.0,0.0,0.0,0.0,False,False,-0.49092229302737
237,MET,237,0.0,0.0,0.0,0.0,False,False,-0.49092229302737
238,LEU,238,0.0,0.0,0.0,0.0,False,False,-0.49092229302737
239,ASN,239,0.0,0.0,0.0,0.0,False,False,-0.49092229302737
240,MET,240,0.0,0.0,0.0,0.0,False,False,-0.49092229302737
241,THR,241,0.0,0.0,0.0,0.0,False,False,-0.49092229302737
242,GLY,242,0.0,0.0,0.0,0.0,False,False,-0.49092229302737
243,SER,243,0.0,0.0,0.0,0.0,False,False,-0.49092229302737
244,GLY,244,0.0,0.0,0.0,0.0,False,False,-0.49092229302737
245,TYR,245,0.0,0.0,0.0,0.0,False,False,-0.49092229302737
246,VAL,246,0.0,0.0,0.0,0.0,False,False,-0.49092229302737
250,GLY,250,0.0,0.0,0.0,0.0,False,False,-0.49092229302737
251,GLU,251,0.0,0.0,0.0,0.0,False,False,-0.49092229302737
252,ARG,252,0.0,0.0,0.0,0.0,False,False,-0.49092229302737
254,ILE,254,0.0,0.0,0.0,0.0,False,False,-0.49092229302737
255,SER,255,0.0,0.0,0.0,0.0,False,False,-0.49092229302737
256,GLY,256,0.0,0.0,0.0,0.0,False,False,-0.49092229302737
257,ASN,257,0.0,0.0,0.0,0.0,False,False,-0.49092229302737
258,ALA,258,0.0,0.0,0.0,0.0,False,False,-0.49092229302737
259,LEU,259,0.0,0.0,0.0,0.0,False,False,-0.49092229302737
260,ARG,260,0.0,0.0,0.0,0.0,False,False,-0.49092229302737
261,TYR,261,0.0,0.0,0.0,0.0,False,False,-0.49092229302737
263,PRO,263,0.0,0.0,0.0,0.0,False,False,-0.49092229302737
266,ILE,266,0.0,0.0,0.0,0.0,False,False,-0.49092229302737
267,LEU,267,0.0,0.0,0.0,0.0,False,False,-0.49092229302737
268,GLY,268,0.0,0.0,0.0,0.0,False,False,-0.49092229302737
269,LEU,269,0.0,0.0,0.0,0.0,False,False,-0.49092229302737
270,GLN,270,0.0,0.0,0.0,0.0,False,False,-0.49092229302737
271,LEU,271,0.0,0.0,0.0,0.0,False,False,-0.49092229302737
272,ILE,272,0.0,0.0,0.0,0.0,False,False,-0.49092229302737
273,ASN,273,0.0,0.0,0.0,0.0,False,False,-0.49092229302737
274,GLY,274,0.0,0.0,0.0,0.0,False,False,-0.49092229302737
275,LYS,275,0.0,0.0,0.0,0.0,False,False,-0.49092229302737
281,ILE,281,0.0,0.0,0.0,0.0,False,False,-0.49092229302737
282,SER,282,0.0,0.0,0.0,0.0,False,False,-0.49092229302737
283,ASP,283,0.0,0.0,0.0,0.0,False,False,-0.49092229302737
284,ALA,284,0.0,0.0,0.0,0.0,False,False,-0.49092229302737
285,VAL,285,0.0,0.0,0.0,0.0,False,False,-0.49092229302737
286,GLY,286,0.0,0.0,0.0,0.0,False,False,-0.49092229302737
287,VAL,287,0.0,0.0,0.0,0.0,False,False,-0.49092229302737
288,VAL,288,0.0,0.0,0.0,0.0,False,False,-0.49092229302737
289,ALA,289,0.0,0.0,0.0,0.0,False,False,-0.49092229302737
290,GLN,290,0.0,0.0,0.0,0.0,False,False,-0.49092229302737
291,ALA,291,0.0,0.0,0.0,0.0,False,False,-0.49092229302737
292,VAL,292,0.0,0.0,0.0,0.0,False,False,-0.49092229302737
293,HIS,293,0.0,0.0,0.0,0.0,False,False,-0.49092229302737
294,GLU,294,0.0,0.0,0.0,0.0,False,False,-0.49092229302737
295,LEU,295,0.0,0.0,0.0,0.0,False,False,-0.49092229302737
296,LEU,296,0.0,0.0,0.0,0.0,False,False,-0.49092229302737
297,GLU,297,0.0,0.0,0.0,0.0,False,False,-0.49092229302737
298,LYS,298,0.0,0.0,0.0,0.0,False,False,-0.49092229302737
299,GLU,299,0.0,0.0,0.0,0.0,False,False,-0.49092229302737
300,ASN,300,0.0,0.0,0.0,0.0,False,False,-0.49092229302737
301,ILE,301,0.0,0.0,0.0,0.0,False,False,-0.49092229302737
305,PRO,305,0.0,0.0,0.0,0.0,False,False,-0.49092229302737
306,ARG,306,0.0,0.0,0.0,0.0,False,False,-0.49092229302737
307,GLY,307,0.0,0.0,0.0,0.0,False,False,-0.49092229302737
308,CYS,308,0.0,0.0,0.0,0.0,False,False,-0.49092229302737
309,VAL,309,0.0,0.0,0.0,0.0,False,False,-0.49092229302737
310,GLY,310,0.0,0.0,0.0,0.0,False,False,-0.49092229302737
311,ASN,311,0.0,0.0,0.0,0.0,False,False,-0.49092229302737
315,TRP,315,0.0,0.0,0.0,0.0,False,False,-0.49092229302737
316,LYS,316,0.0,0.0,0.0,0.0,False,False,-0.49092229302737
317,THR,317,0.0,0.0,0.0,0.0,False,False,-0.49092229302737
318,GLY,318,0.0,0.0,0.0,0.0,False,False,-0.49092229302737
319,PRO,319,0.0,0.0,0.0,0.0,False,False,-0.49092229302737
320,LEU,320,0.0,0.0,0.0,0.0,False,False,-0.49092229302737
321,PHE,321,0.0,0.0,0.0,0.0,False,False,-0.49092229302737
322,LYS,322,0.0,0.0,0.0,0.0,False,False,-0.49092229302737
323,ARG,323,0.0,0.0,0.0,0.0,False,False,-0.49092229302737
324,VAL,324,0.0,0.0,0.0,0.0,False,False,-0.49092229302737
325,LEU,325,0.0,0.0,0.0,0.0,False,False,-0.49092229302737
327,SER,327,0.0,0.0,0.0,0.0,False,False,-0.49092229302737
330,TYR,330,0.0,0.0,0.0,0.0,False,False,-0.49092229302737
331,ALA,331,0.0,0.0,0.0,0.0,False,False,-0.49092229302737
332,ASP,332,0.0,0.0,0.0,0.0,False,False,-0.49092229302737
333,GLY,333,0.0,0.0,0.0,0.0,False,False,-0.49092229302737
335,THR,335,0.0,0.0,0.0,0.0,False,False,-0.49092229302737
336,GLY,336,0.0,0.0,0.0,0.0,False,False,-0.49092229302737
337,ARG,337,0.0,0.0,0.0,0.0,False,False,-0.49092229302737
338,VAL,338,0.0,0.0,0.0,0.0,False,False,-0.49092229302737
339,GLU,339,0.0,0.0,0.0,0.0,False,False,-0.49092229302737
341,ASN,341,0.0,0.0,0.0,0.0,False,False,-0.49092229302737
342,GLU,342,0.0,0.0,0.0,0.0,False,False,-0.49092229302737
343,ASP,343,0.0,0.0,0.0,0.0,False,False,-0.49092229302737
345,ASP,345,0.0,0.0,0.0,0.0,False,False,-0.49092229302737
347,LYS,347,0.0,0.0,0.0,0.0,False,False,-0.49092229302737
348,PHE,348,0.0,0.0,0.0,0.0,False,False,-0.49092229302737
349,ALA,349,0.0,0.0,0.0,0.0,False,False,-0.49092229302737
350,ASN,350,0.0,0.0,0.0,0.0,False,False,-0.49092229302737
351,TYR,351,0.0,0.0,0.0,0.0,False,False,-0.49092229302737
352,SER,352,0.0,0.0,0.0,0.0,False,False,-0.49092229302737
353,ILE,353,0.0,0.0,0.0,0.0,False,False,-0.49092229302737
354,MET,354,0.0,0.0,0.0,0.0,False,False,-0.49092229302737
355,ASN,355,0.0,0.0,0.0,0.0,False,False,-0.49092229302737
356,LEU,356,0.0,0.0,0.0,0.0,False,False,-0.49092229302737
357,GLN,357,0.0,0.0,0.0,0.0,False,False,-0.49092229302737
358,ASN,358,0.0,0.0,0.0,0.0,False,False,-0.49092229302737
359,ARG,359,0.0,0.0,0.0,0.0,False,False,-0.49092229302737
360,LYS,360,0.0,0.0,0.0,0.0,False,False,-0.49092229302737
361,LEU,361,0.0,0.0,0.0,0.0,False,False,-0.49092229302737
362,VAL,362,0.0,0.0,0.0,0.0,False,False,-0.49092229302737
363,GLN,363,0.0,0.0,0.0,0.0,False,False,-0.49092229302737
364,VAL,364,0.0,0.0,0.0,0.0,False,False,-0.49092229302737
365,GLY,365,0.0,0.0,0.0,0.0,False,False,-0.49092229302737
366,ILE,366,0.0,0.0,0.0,0.0,False,False,-0.49092229302737
367,TYR,367,0.0,0.0,0.0,0.0,False,False,-0.49092229302737
368,ASN,368,0.0,0.0,0.0,0.0,False,False,-0.49092229302737
369,GLY,369,0.0,0.0,0.0,0.0,False,False,-0.49092229302737
371,HIS,371,0.0,0.0,0.0,0.0,False,False,-0.49092229302737
372,VAL,372,0.0,0.0,0.0,0.0,False,False,-0.49092229302737
373,ILE,373,0.0,0.0,0.0,0.0,False,False,-0.49092229302737
374,PRO,374,0.0,0.0,0.0,0.0,False,False,-0.49092229302737
375,ASN,375,0.0,0.0,0.0,0.0,False,False,-0.49092229302737
376,ASP,376,0.0,0.0,0.0,0.0,False,False,-0.49092229302737
377,ARG,377,0.0,0.0,0.0,0.0,False,False,-0.49092229302737
378,LYS,378,0.0,0.0,0.0,0.0,False,False,-0.49092229302737
379,ILE,379,0.0,0.0,0.0,0.0,False,False,-0.49092229302737
383,GLY,383,0.0,0.0,0.0,0.0,False,False,-0.49092229302737
384,GLY,384,0.0,0.0,0.0,0.0,False,False,-0.49092229302737
385,GLU,385,0.0,0.0,0.0,0.0,False,False,-0.49092229302737
386,THR,386,0.0,0.0,0.0,0.0,False,False,-0.49092229302737
387,GLU,387,0.0,0.0,0.0,0.0,False,False,-0.49092229302737
388,LYS,388,0.0,0.0,0.0,0.0,False,False,-0.49092229302737
389,PRO,389,0.0,0.0,0.0,0.0,False,False,-0.49092229302737
390,ARG,390,0.0,0.0,0.0,0.0,False,False,-0.49092229302737
391,GLY,391,0.0,0.0,0.0,0.0,False,False,-0.49092229302737
392,TYR,392,0.0,0.0,0.0,0.0,False,False,-0.49092229302737
399,LYS,399,0.0,0.0,0.0,0.0,False,False,-0.49092229302737
400,ILE,400,0.0,0.0,0.0,0.0,False,False,-0.49092229302737
401,VAL,401,0.0,0.0,0.0,0.0,False,False,-0.49092229302737
402,THR,402,0.0,0.0,0.0,0.0,False,False,-0.49092229302737
404,HIS,404,0.0,0.0,0.0,0.0,False,False,-0.49092229302737
405,GLN,405,0.0,0.0,0.0,0.0,False,False,-0.49092229302737
406,GLU,406,0.0,0.0,0.0,0.0,False,False,-0.49092229302737
410,TYR,410,0.0,0.0,0.0,0.0,False,False,-0.49092229302737
411,VAL,411,0.0,0.0,0.0,0.0,False,False,-0.49092229302737
412,LYS,412,0.0,0.0,0.0,0.0,False,False,-0.49092229302737
413,PRO,413,0.0,0.0,0.0,0.0,False,False,-0.49092229302737
414,THR,414,0.0,0.0,0.0,0.0,False,False,-0.49092229302737
415,LEU,415,0.0,0.0,0.0,0.0,False,False,-0.49092229302737
416,SER,416,0.0,0.0,0.0,0.0,False,False,-0.49092229302737
417,ASP,417,0.0,0.0,0.0,0.0,False,False,-0.49092229302737
418,GLY,418,0.0,0.0,0.0,0.0,False,False,-0.49092229302737
419,THR,419,0.0,0.0,0.0,0.0,False,False,-0.49092229302737
420,CYS,420,0.0,0.0,0.0,0.0,False,False,-0.49092229302737
421,LYS,421,0.0,0.0,0.0,0.0,False,False,-0.49092229302737
422,GLU,422,0.0,0.0,0.0,0.0,False,False,-0.49092229302737
423,GLU,423,0.0,0.0,0.0,0.0,False,False,-0.49092229302737
424,PHE,424,0.0,0.0,0.0,0.0,False,False,-0.49092229302737
425,THR,425,0.0,0.0,0.0,0.0,False,False,-0.49092229302737
426,VAL,426,0.0,0.0,0.0,0.0,False,False,-0.49092229302737
427,ASN,427,0.0,0.0,0.0,0.0,False,False,-0.49092229302737
428,GLY,428,0.0,0.0,0.0,0.0,False,False,-0.49092229302737
429,ASP,429,0.0,0.0,0.0,0.0,False,False,-0.49092229302737
430,PRO,430,0.0,0.0,0.0,0.0,False,False,-0.49092229302737
431,VAL,431,0.0,0.0,0.0,0.0,False,False,-0.49092229302737
432,LYS,432,0.0,0.0,0.0,0.0,False,False,-0.49092229302737
433,LYS,433,0.0,0.0,0.0,0.0,False,False,-0.49092229302737
434,VAL,434,0.0,0.0,0.0,0.0,False,False,-0.49092229302737
435,ILE,435,0.0,0.0,0.0,0.0,False,False,-0.49092229302737
436,CYS,436,0.0,0.0,0.0,0.0,False,False,-0.49092229302737
437,THR,437,0.0,0.0,0.0,0.0,False,False,-0.49092229302737
441,ASP,441,0.0,0.0,0.0,0.0,False,False,-0.49092229302737
442,THR,442,0.0,0.0,0.0,0.0,False,False,-0.49092229302737
443,SER,443,0.0,0.0,0.0,0.0,False,False,-0.49092229302737
444,PRO,444,0.0,0.0,0.0,0.0,False,False,-0.49092229302737
445,GLY,445,0.0,0.0,0.0,0.0,False,False,-0.49092229302737
446,SER,446,0.0,0.0,0.0,0.0,False,False,-0.49092229302737
447,PRO,447,0.0,0.0,0.0,0.0,False,False,-0.49092229302737
448,ARG,448,0.0,0.0,0.0,0.0,False,False,-0.49092229302737
452,PRO,452,0.0,0.0,0.0,0.0,False,False,-0.49092229302737
453,GLN,453,0.0,0.0,0.0,0.0,False,False,-0.49092229302737
454,CYS,454,0.0,0.0,0.0,0.0,False,False,-0.49092229302737
455,CYS,455,0.0,0.0,0.0,0.0,False,False,-0.49092229302737
461,ASP,461,0.0,0.0,0.0,0.0,False,False,-0.49092229302737
462,LEU,462,0.0,0.0,0.0,0.0,False,False,-0.49092229302737
463,LEU,463,0.0,0.0,0.0,0.0,False,False,-0.49092229302737
464,ILE,464,0.0,0.0,0.0,0.0,False,False,-0.49092229302737
465,LYS,465,0.0,0.0,0.0,0.0,False,False,-0.49092229302737
466,LEU,466,0.0,0.0,0.0,0.0,False,False,-0.49092229302737
467,ALA,467,0.0,0.0,0.0,0.0,False,False,-0.49092229302737
468,ARG,468,0.0,0.0,0.0,0.0,False,False,-0.49092229302737
469,THR,469,0.0,0.0,0.0,0.0,False,False,-0.49092229302737
470,MET,470,0.0,0.0,0.0,0.0,False,False,-0.49092229302737
471,ASN,471,0.0,0.0,0.0,0.0,False,False,-0.49092229302737
475,GLU,475,0.0,0.0,0.0,0.0,False,False,-0.49092229302737
476,VAL,476,0.0,0.0,0.0,0.0,False,False,-0.49092229302737
477,HIS,477,0.0,0.0,0.0,0.0,False,False,-0.49092229302737
480,ALA,480,0.0,0.0,0.0,0.0,False,False,-0.49092229302737
484,PHE,484,0.0,0.0,0.0,0.0,False,False,-0.49092229302737
485,GLY,485,0.0,0.0,0.0,0.0,False,False,-0.49092229302737
486,THR,486,0.0,0.0,0.0,0.0,False,False,-0.49092229302737
487,GLN,487,0.0,0.0,0.0,0.0,False,False,-0.49092229302737
488,GLU,488,0.0,0.0,0.0,0.0,False,False,-0.49092229302737
489,ARG,489,0.0,0.0,0.0,0.0,False,False,-0.49092229302737
496,LYS,496,0.0,0.0,0.0,0.0,False,False,-0.49092229302737
497,GLU,497,0.0,0.0,0.0,0.0,False,False,-0.49092229302737
498,TRP,498,0.0,0.0,0.0,0.0,False,False,-0.49092229302737
499,ASN,499,0.0,0.0,0.0,0.0,False,False,-0.49092229302737
500,GLY,500,0.0,0.0,0.0,0.0,False,False,-0.49092229302737
501,MET,501,0.0,0.0,0.0,0.0,False,False,-0.49092229302737
502,MET,502,0.0,0.0,0.0,0.0,False,False,-0.49092229302737
503,GLY,503,0.0,0.0,0.0,0.0,False,False,-0.49092229302737
506,LEU,506,0.0,0.0,0.0,0.0,False,False,-0.49092229302737
507,SER,507,0.0,0.0,0.0,0.0,False,False,-0.49092229302737
511,ASP,511,0.0,0.0,0.0,0.0,False,False,-0.49092229302737
512,MET,512,0.0,0.0,0.0,0.0,False,False,-0.49092229302737
513,ILE,513,0.0,0.0,0.0,0.0,False,False,-0.49092229302737
514,VAL,514,0.0,0.0,0.0,0.0,False,False,-0.49092229302737
521,ASN,521,0.0,0.0,0.0,0.0,False,False,-0.49092229302737
522,GLU,522,0.0,0.0,0.0,0.0,False,False,-0.49092229302737
523,ARG,523,0.0,0.0,0.0,0.0,False,False,-0.49092229302737
524,ALA,524,0.0,0.0,0.0,0.0,False,False,-0.49092229302737
525,GLN,525,0.0,0.0,0.0,0.0,False,False,-0.49092229302737
526,TYR,526,0.0,0.0,0.0,0.0,False,False,-0.49092229302737
527,ILE,527,0.0,0.0,0.0,0.0,False,False,-0.49092229302737
528,GLU,528,0.0,0.0,0.0,0.0,False,False,-0.49092229302737
529,PHE,529,0.0,0.0,0.0,0.0,False,False,-0.49092229302737
530,SER,530,0.0,0.0,0.0,0.0,False,False,-0.49092229302737
534,LYS,534,0.0,0.0,0.0,0.0,False,False,-0.49092229302737
535,TYR,535,0.0,0.0,0.0,0.0,False,False,-0.49092229302737
536,GLN,536,0.0,0.0,0.0,0.0,False,False,-0.49092229302737
537,GLY,537,0.0,0.0,0.0,0.0,False,False,-0.49092229302737
538,LEU,538,0.0,0.0,0.0,0.0,False,False,-0.49092229302737
539,THR,539,0.0,0.0,0.0,0.0,False,False,-0.49092229302737
540,ILE,540,0.0,0.0,0.0,0.0,False,False,-0.49092229302737
541,LEU,541,0.0,0.0,0.0,0.0,False,False,-0.49092229302737
542,VAL,542,0.0,0.0,0.0,0.0,False,False,-0.49092229302737
543,LYS,543,0.0,0.0,0.0,0.0,False,False,-0.49092229302737
544,LYS,544,0.0,0.0,0.0,0.0,False,False,-0.49092229302737
545,GLU,545,0.0,0.0,0.0,0.0,False,False,-0.49092229302737
552,ASP,552,0.0,0.0,0.0,0.0,False,False,-0.49092229302737
553,SER,553,0.0,0.0,0.0,0.0,False,False,-0.49092229302737
554,PHE,554,0.0,0.0,0.0,0.0,False,False,-0.49092229302737
560,SER,560,0.0,0.0,0.0,0.0,False,False,-0.49092229302737
561,THR,561,0.0,0.0,0.0,0.0,False,False,-0.49092229302737
562,LEU,562,0.0,0.0,0.0,0.0,False,False,-0.49092229302737
563,TRP,563,0.0,0.0,0.0,0.0,False,False,-0.49092229302737
564,LEU,564,0.0,0.0,0.0,0.0,False,False,-0.49092229302737
565,LEU,565,0.0,0.0,0.0,0.0,False,False,-0.49092229302737
566,VAL,566,0.0,0.0,0.0,0.0,False,False,-0.49092229302737
567,GLY,567,0.0,0.0,0.0,0.0,False,False,-0.49092229302737
568,LEU,568,0.0,0.0,0.0,0.0,False,False,-0.49092229302737
569,SER,569,0.0,0.0,0.0,0.0,False,False,-0.49092229302737
570,VAL,570,0.0,0.0,0.0,0.0,False,False,-0.49092229302737
571,HIS,571,0.0,0.0,0.0,0.0,False,False,-0.49092229302737
572,VAL,572,0.0,0.0,0.0,0.0,False,False,-0.49092229302737
573,VAL,573,0.0,0.0,0.0,0.0,False,False,-0.49092229302737
574,ALA,574,0.0,0.0,0.0,0.0,False,False,-0.49092229302737
575,VAL,575,0.0,0.0,0.0,0.0,False,False,-0.49092229302737
576,MET,576,0.0,0.0,0.0,0.0,False,False,-0.49092229302737
577,LEU,577,0.0,0.0,0.0,0.0,False,False,-0.49092229302737
578,TYR,578,0.0,0.0,0.0,0.0,False,False,-0.49092229302737
579,LEU,579,0.0,0.0,0.0,0.0,False,False,-0.49092229302737
580,LEU,580,0.0,0.0,0.0,0.0,False,False,-0.49092229302737
581,ASP,581,0.0,0.0,0.0,0.0,False,False,-0.49092229302737
582,ARG,582,0.0,0.0,0.0,0.0,False,False,-0.49092229302737
603,LEU,603,0.0,0.0,0.0,0.0,False,False,-0.49092229302737
604,SER,604,0.0,0.0,0.0,0.0,False,False,-0.49092229302737
605,SER,605,0.0,0.0,0.0,0.0,False,False,-0.49092229302737
606,ALA,606,0.0,0.0,0.0,0.0,False,False,-0.49092229302737
607,MET,607,0.0,0.0,0.0,0.0,False,False,-0.49092229302737
608,TRP,608,0.0,0.0,0.0,0.0,False,False,-0.49092229302737
609,PHE,609,0.0,0.0,0.0,0.0,False,False,-0.49092229302737
610,SER,610,0.0,0.0,0.0,0.0,False,False,-0.49092229302737
611,TRP,611,0.0,0.0,0.0,0.0,False,False,-0.49092229302737
612,GLY,612,0.0,0.0,0.0,0.0,False,False,-0.49092229302737
613,VAL,613,0.0,0.0,0.0,0.0,False,False,-0.49092229302737
614,LEU,614,0.0,0.0,0.0,0.0,False,False,-0.49092229302737
615,LEU,615,0.0,0.0,0.0,0.0,False,False,-0.49092229302737
616,ASN,616,0.0,0.0,0.0,0.0,False,False,-0.49092229302737
617,SER,617,0.0,0.0,0.0,0.0,False,False,-0.49092229302737
618,GLY,618,0.0,0.0,0.0,0.0,False,False,-0.49092229302737
626,SER,626,0.0,0.0,0.0,0.0,False,False,-0.49092229302737
627,PHE,627,0.0,0.0,0.0,0.0,False,False,-0.49092229302737
628,SER,628,0.0,0.0,0.0,0.0,False,False,-0.49092229302737
629,ALA,629,0.0,0.0,0.0,0.0,False,False,-0.49092229302737
630,ARG,630,0.0,0.0,0.0,0.0,False,False,-0.49092229302737
631,ILE,631,0.0,0.0,0.0,0.0,False,False,-0.49092229302737
632,LEU,632,0.0,0.0,0.0,0.0,False,False,-0.49092229302737
633,GLY,633,0.0,0.0,0.0,0.0,False,False,-0.49092229302737
634,MET,634,0.0,0.0,0.0,0.0,False,False,-0.49092229302737
635,VAL,635,0.0,0.0,0.0,0.0,False,False,-0.49092229302737
636,TRP,636,0.0,0.0,0.0,0.0,False,False,-0.49092229302737
637,ALA,637,0.0,0.0,0.0,0.0,False,False,-0.49092229302737
638,GLY,638,0.0,0.0,0.0,0.0,False,False,-0.49092229302737
639,PHE,639,0.0,0.0,0.0,0.0,False,False,-0.49092229302737
640,ALA,640,0.0,0.0,0.0,0.0,False,False,-0.49092229302737
641,MET,641,0.0,0.0,0.0,0.0,False,False,-0.49092229302737
642,ILE,642,0.0,0.0,0.0,0.0,False,False,-0.49092229302737
643,ILE,643,0.0,0.0,0.0,0.0,False,False,-0.49092229302737
644,VAL,644,0.0,0.0,0.0,0.0,False,False,-0.49092229302737
645,ALA,645,0.0,0.0,0.0,0.0,False,False,-0.49092229302737
646,SER,646,0.0,0.0,0.0,0.0,False,False,-0.49092229302737
647,TYR,647,0.0,0.0,0.0,0.0,False,False,-0.49092229302737
648,THR,648,0.0,0.0,0.0,0.0,False,False,-0.49092229302737
649,ALA,649,0.0,0.0,0.0,0.0,False,False,-0.49092229302737
650,ASN,650,0.0,0.0,0.0,0.0,False,False,-0.49092229302737
651,LEU,651,0.0,0.0,0.0,0.0,False,False,-0.49092229302737
652,ALA,652,0.0,0.0,0.0,0.0,False,False,-0.49092229302737
653,ALA,653,0.0,0.0,0.0,0.0,False,False,-0.49092229302737
654,PHE,654,0.0,0.0,0.0,0.0,False,False,-0.49092229302737
655,LEU,655,0.0,0.0,0.0,0.0,False,False,-0.49092229302737
656,VAL,656,0.0,0.0,0.0,0.0,False,False,-0.49092229302737
657,LEU,657,0.0,0.0,0.0,0.0,False,False,-0.49092229302737
658,ASP,658,0.0,0.0,0.0,0.0,False,False,-0.49092229302737
659,ARG,659,0.0,0.0,0.0,0.0,False,False,-0.49092229302737
660,PRO,660,0.0,0.0,0.0,0.0,False,False,-0.49092229302737
661,GLU,661,0.0,0.0,0.0,0.0,False,False,-0.49092229302737
663,ARG,663,0.0,0.0,0.0,0.0,False,False,-0.49092229302737
667,ILE,667,0.0,0.0,0.0,0.0,False,False,-0.49092229302737
668,ASN,668,0.0,0.0,0.0,0.0,False,False,-0.49092229302737
670,PRO,670,0.0,0.0,0.0,0.0,False,False,-0.49092229302737
671,ARG,671,0.0,0.0,0.0,0.0,False,False,-0.49092229302737
672,LEU,672,0.0,0.0,0.0,0.0,False,False,-0.49092229302737
673,ARG,673,0.0,0.0,0.0,0.0,False,False,-0.49092229302737
674,ASN,674,0.0,0.0,0.0,0.0,False,False,-0.49092229302737
675,PRO,675,0.0,0.0,0.0,0.0,False,False,-0.49092229302737
676,SER,676,0.0,0.0,0.0,0.0,False,False,-0.49092229302737
677,ASP,677,0.0,0.0,0.0,0.0,False,False,-0.49092229302737
678,LYS,678,0.0,0.0,0.0,0.0,False,False,-0.49092229302737
679,PHE,679,0.0,0.0,0.0,0.0,False,False,-0.49092229302737
683,THR,683,0.0,0.0,0.0,0.0,False,False,-0.49092229302737
684,VAL,684,0.0,0.0,0.0,0.0,False,False,-0.49092229302737
685,LYS,685,0.0,0.0,0.0,0.0,False,False,-0.49092229302737
686,GLN,686,0.0,0.0,0.0,0.0,False,False,-0.49092229302737
687,SER,687,0.0,0.0,0.0,0.0,False,False,-0.49092229302737
689,VAL,689,0.0,0.0,0.0,0.0,False,False,-0.49092229302737
690,ASP,690,0.0,0.0,0.0,0.0,False,False,-0.49092229302737
691,ILE,691,0.0,0.0,0.0,0.0,False,False,-0.49092229302737
692,TYR,692,0.0,0.0,0.0,0.0,False,False,-0.49092229302737
693,PHE,693,0.0,0.0,0.0,0.0,False,False,-0.49092229302737
694,ARG,694,0.0,0.0,0.0,0.0,False,False,-0.49092229302737
695,ARG,695,0.0,0.0,0.0,0.0,False,False,-0.49092229302737
696,GLN,696,0.0,0.0,0.0,0.0,False,False,-0.49092229302737
697,VAL,697,0.0,0.0,0.0,0.0,False,False,-0.49092229302737
698,GLU,698,0.0,0.0,0.0,0.0,False,False,-0.49092229302737
699,LEU,699,0.0,0.0,0.0,0.0,False,False,-0.49092229302737
700,SER,700,0.0,0.0,0.0,0.0,False,False,-0.49092229302737
701,THR,701,0.0,0.0,0.0,0.0,False,False,-0.49092229302737
702,MET,702,0.0,0.0,0.0,0.0,False,False,-0.49092229302737
703,TYR,703,0.0,0.0,0.0,0.0,False,False,-0.49092229302737
704,ARG,704,0.0,0.0,0.0,0.0,False,False,-0.49092229302737
705,HIS,705,0.0,0.0,0.0,0.0,False,False,-0.49092229302737
706,MET,706,0.0,0.0,0.0,0.0,False,False,-0.49092229302737
707,GLU,707,0.0,0.0,0.0,0.0,False,False,-0.49092229302737
708,LYS,708,0.0,0.0,0.0,0.0,False,False,-0.49092229302737
709,HIS,709,0.0,0.0,0.0,0.0,False,False,-0.49092229302737
710,ASN,710,0.0,0.0,0.0,0.0,False,False,-0.49092229302737
711,TYR,711,0.0,0.0,0.0,0.0,False,False,-0.49092229302737
712,GLU,712,0.0,0.0,0.0,0.0,False,False,-0.49092229302737
713,SER,713,0.0,0.0,0.0,0.0,False,False,-0.49092229302737
714,ALA,714,0.0,0.0,0.0,0.0,False,False,-0.49092229302737
715,ALA,715,0.0,0.0,0.0,0.0,False,False,-0.49092229302737
716,GLU,716,0.0,0.0,0.0,0.0,False,False,-0.49092229302737
717,ALA,717,0.0,0.0,0.0,0.0,False,False,-0.49092229302737
718,ILE,718,0.0,0.0,0.0,0.0,False,False,-0.49092229302737
719,GLN,719,0.0,0.0,0.0,0.0,False,False,-0.49092229302737
720,ALA,720,0.0,0.0,0.0,0.0,False,False,-0.49092229302737
721,VAL,721,0.0,0.0,0.0,0.0,False,False,-0.49092229302737
722,ARG,722,0.0,0.0,0.0,0.0,False,False,-0.49092229302737
723,ASP,723,0.0,0.0,0.0,0.0,False,False,-0.49092229302737
724,ASN,724,0.0,0.0,0.0,0.0,False,False,-0.49092229302737
725,LYS,725,0.0,0.0,0.0,0.0,False,False,-0.49092229302737
730,ILE,730,0.0,0.0,0.0,0.0,False,False,-0.49092229302737
731,TRP,731,0.0,0.0,0.0,0.0,False,False,-0.49092229302737
732,ASP,732,0.0,0.0,0.0,0.0,False,False,-0.49092229302737
733,SER,733,0.0,0.0,0.0,0.0,False,False,-0.49092229302737
734,ALA,734,0.0,0.0,0.0,0.0,False,False,-0.49092229302737
736,LEU,736,0.0,0.0,0.0,0.0,False,False,-0.49092229302737
737,GLU,737,0.0,0.0,0.0,0.0,False,False,-0.49092229302737
739,GLU,739,0.0,0.0,0.0,0.0,False,False,-0.49092229302737
740,ALA,740,0.0,0.0,0.0,0.0,False,False,-0.49092229302737
743,LYS,743,0.0,0.0,0.0,0.0,False,False,-0.49092229302737
744,CYS,744,0.0,0.0,0.0,0.0,False,False,-0.49092229302737
745,ASP,745,0.0,0.0,0.0,0.0,False,False,-0.49092229302737
746,LEU,746,0.0,0.0,0.0,0.0,False,False,-0.49092229302737
747,VAL,747,0.0,0.0,0.0,0.0,False,False,-0.49092229302737
748,THR,748,0.0,0.0,0.0,0.0,False,False,-0.49092229302737
754,PHE,754,0.0,0.0,0.0,0.0,False,False,-0.49092229302737
755,ARG,755,0.0,0.0,0.0,0.0,False,False,-0.49092229302737
756,SER,756,0.0,0.0,0.0,0.0,False,False,-0.49092229302737
760,ILE,760,0.0,0.0,0.0,0.0,False,False,-0.49092229302737
761,GLY,761,0.0,0.0,0.0,0.0,False,False,-0.49092229302737
762,MET,762,0.0,0.0,0.0,0.0,False,False,-0.49092229302737
764,LYS,764,0.0,0.0,0.0,0.0,False,False,-0.49092229302737
765,ASP,765,0.0,0.0,0.0,0.0,False,False,-0.49092229302737
766,SER,766,0.0,0.0,0.0,0.0,False,False,-0.49092229302737
767,PRO,767,0.0,0.0,0.0,0.0,False,False,-0.49092229302737
768,TRP,768,0.0,0.0,0.0,0.0,False,False,-0.49092229302737
769,LYS,769,0.0,0.0,0.0,0.0,False,False,-0.49092229302737
770,GLN,770,0.0,0.0,0.0,0.0,False,False,-0.49092229302737
771,ASN,771,0.0,0.0,0.0,0.0,False,False,-0.49092229302737
772,VAL,772,0.0,0.0,0.0,0.0,False,False,-0.49092229302737
773,SER,773,0.0,0.0,0.0,0.0,False,False,-0.49092229302737
774,LEU,774,0.0,0.0,0.0,0.0,False,False,-0.49092229302737
775,SER,775,0.0,0.0,0.0,0.0,False,False,-0.49092229302737
776,ILE,776,0.0,0.0,0.0,0.0,False,False,-0.49092229302737
777,LEU,777,0.0,0.0,0.0,0.0,False,False,-0.49092229302737
778,LYS,778,0.0,0.0,0.0,0.0,False,False,-0.49092229302737
779,SER,779,0.0,0.0,0.0,0.0,False,False,-0.49092229302737
780,HIS,780,0.0,0.0,0.0,0.0,False,False,-0.49092229302737
781,GLU,781,0.0,0.0,0.0,0.0,False,False,-0.49092229302737
782,ASN,782,0.0,0.0,0.0,0.0,False,False,-0.49092229302737
783,GLY,783,0.0,0.0,0.0,0.0,False,False,-0.49092229302737
784,PHE,784,0.0,0.0,0.0,0.0,False,False,-0.49092229302737
785,MET,785,0.0,0.0,0.0,0.0,False,False,-0.49092229302737
786,GLU,786,0.0,0.0,0.0,0.0,False,False,-0.49092229302737
787,ASP,787,0.0,0.0,0.0,0.0,False,False,-0.49092229302737
788,LEU,788,0.0,0.0,0.0,0.0,False,False,-0.49092229302737
789,ASP,789,0.0,0.0,0.0,0.0,False,False,-0.49092229302737
790,LYS,790,0.0,0.0,0.0,0.0,False,False,-0.49092229302737
791,THR,791,0.0,0.0,0.0,0.0,False,False,-0.49092229302737
792,TRP,792,0.0,0.0,0.0,0.0,False,False,-0.49092229302737
793,VAL,793,0.0,0.0,0.0,0.0,False,False,-0.49092229302737
794,ARG,794,0.0,0.0,0.0,0.0,False,False,-0.49092229302737
795,TYR,795,0.0,0.0,0.0,0.0,False,False,-0.49092229302737
799,ASP,799,0.0,0.0,0.0,0.0,False,False,-0.49092229302737
807,THR,807,0.0,0.0,0.0,0.0,False,False,-0.49092229302737
808,LEU,808,0.0,0.0,0.0,0.0,False,False,-0.49092229302737
809,THR,809,0.0,0.0,0.0,0.0,False,False,-0.49092229302737
810,PHE,810,0.0,0.0,0.0,0.0,False,False,-0.49092229302737
811,GLU,811,0.0,0.0,0.0,0.0,False,False,-0.49092229302737
812,ASN,812,0.0,0.0,0.0,0.0,False,False,-0.49092229302737
813,MET,813,0.0,0.0,0.0,0.0,False,False,-0.49092229302737
814,ALA,814,0.0,0.0,0.0,0.0,False,False,-0.49092229302737
815,GLY,815,0.0,0.0,0.0,0.0,False,False,-0.49092229302737
816,VAL,816,0.0,0.0,0.0,0.0,False,False,-0.49092229302737
817,PHE,817,0.0,0.0,0.0,0.0,False,False,-0.49092229302737
818,MET,818,0.0,0.0,0.0,0.0,False,False,-0.49092229302737
819,LEU,819,0.0,0.0,0.0,0.0,False,False,-0.49092229302737
820,VAL,820,0.0,0.0,0.0,0.0,False,False,-0.49092229302737
821,ALA,821,0.0,0.0,0.0,0.0,False,False,-0.49092229302737
822,GLY,822,0.0,0.0,0.0,0.0,False,False,-0.49092229302737
823,GLY,823,0.0,0.0,0.0,0.0,False,False,-0.49092229302737
824,ILE,824,0.0,0.0,0.0,0.0,False,False,-0.49092229302737
825,VAL,825,0.0,0.0,0.0,0.0,False,False,-0.49092229302737
826,ALA,826,0.0,0.0,0.0,0.0,False,False,-0.49092229302737
827,GLY,827,0.0,0.0,0.0,0.0,False,False,-0.49092229302737
828,ILE,828,0.0,0.0,0.0,0.0,False,False,-0.49092229302737
829,PHE,829,0.0,0.0,0.0,0.0,False,False,-0.49092229302737
830,LEU,830,0.0,0.0,0.0,0.0,False,False,-0.49092229302737
831,ILE,831,0.0,0.0,0.0,0.0,False,False,-0.49092229302737
832,PHE,832,0.0,0.0,0.0,0.0,False,False,-0.49092229302737
833,ILE,833,0.0,0.0,0.0,0.0,False,False,-0.49092229302737
834,GLU,834,0.0,0.0,0.0,0.0,False,False,-0.49092229302737
835,ILE,835,0.0,0.0,0.0,0.0,False,False,-0.49092229302737
836,ALA,836,0.0,0.0,0.0,0.0,False,False,-0.49092229302737
837,TYR,837,0.0,0.0,0.0,0.0,False,False,-0.49092229302737
838,LYS,838,0.0,0.0,0.0,0.0,False,False,-0.49092229302737
839,ARG,839,0.0,0.0,0.0,0.0,False,False,-0.49092229302737
840,HIS,840,0.0,0.0,0.0,0.0,False,False,-0.49092229302737
841,LYS,841,0.0,0.0,0.0,0.0,False,False,-0.49092229302737
