chain,resid,resname,RSA
A,28,ASN,0.0034955258696125102
A,29,ILE,0.0008619703768473591
A,30,GLY,0.0014334022662996387
A,31,ALA,0.003423429054547419
A,32,VAL,0.0018985599684850152
A,33,LEU,0.001130870918729412
A,34,SER,0.004134856831402548
A,35,THR,0.0033129962427855663
A,36,ARG,0.0030857148226758426
A,37,LYS,0.0033079284219607965
A,38,HIS,0.0018404488302102046
A,39,GLU,0.0020051551773943707
A,40,GLN,0.0027117295356260404
A,41,MET,0.000996764441619494
A,42,PHE,0.0008353650414695342
A,43,ARG,0.002158967843517172
A,44,GLU,0.002740093014065193
A,45,ALA,0.0008133477062102436
A,46,VAL,0.0026155519914738408
A,47,ASN,0.0031261274161247105
A,48,GLN,0.0027353931590914727
A,49,ALA,0.002891567268574885
A,50,ASN,0.0037826361898810434
A,51,LYS,0.0037875718050399574
A,52,ARG,0.0044334206787910125
A,58,ILE,0.006673302369069327
A,59,GLN,0.004192449665731854
A,60,LEU,0.003390208906053904
A,61,ASN,0.005026262473816482
A,62,ALA,0.005756614246051903
A,63,THR,0.005144674103533806
A,64,SER,0.005220000698201118
A,65,VAL,0.004543567062944345
A,66,THR,0.0038062356369093406
A,67,HIS,0.004176697964015018
A,68,LYS,0.0010317637273347226
A,69,PRO,0.007331659771361441
A,70,ASN,0.0026597509757639508
A,71,ALA,0.0024926437916912773
A,72,ILE,0.004529144969499353
A,73,GLN,0.002373909586005741
A,74,MET,0.0005054247812950052
A,75,ALA,0.0023571592087806886
A,76,LEU,0.003272593586673191
A,77,SER,0.002241041553356955
A,78,VAL,0.00192866624927084
A,79,CYS,0.0026042500209665586
A,80,GLU,0.0024207695742292255
A,81,ASP,0.002040368249070459
A,82,LEU,0.00244244434106261
A,83,ILE,0.0007529144262809893
A,84,SER,0.005291908564827134
A,85,SER,0.001405132420721554
A,86,GLN,0.0026477858538015023
A,87,VAL,0.000945937795023937
A,88,TYR,0.0015613600632048321
A,89,ALA,0.002430560269443564
A,90,ILE,0.0014961399864830871
A,91,LEU,0.0026274882534991447
A,92,VAL,0.002555483208177076
A,93,SER,0.0033388315069098626
A,94,HIS,0.0038312934728829923
A,95,PRO,0.0021581132991426864
A,96,PRO,0.007853749484181076
A,97,THR,0.0030501065775752068
A,98,PRO,0.006803696465520364
A,99,ASN,0.004364104931935286
A,100,ASP,0.0032320534231363184
A,101,HIS,0.0034726544690784067
A,102,PHE,0.0026008517558996874
A,103,THR,0.0024532173478672673
A,104,PRO,0.0022615941311672047
A,105,THR,0.0018656522273844064
A,106,PRO,0.0022694162867740735
A,107,VAL,0.001976557002381432
A,108,SER,0.0013500560976324543
A,109,TYR,0.00503018532769875
A,110,THR,0.002062543311567847
A,111,ALA,0.001627768534271754
A,112,GLY,0.0025399518826116738
A,113,PHE,0.006209167217214902
A,114,TYR,0.0031115350281614314
A,115,ARG,0.0011266691773368495
A,116,ILE,0.0019577961299228033
A,117,PRO,0.001930643145416705
A,118,VAL,0.0020453270428396507
A,119,LEU,0.002303563535621214
A,120,GLY,0.0019295894576666446
A,121,LEU,0.0005319672567186071
A,122,THR,0.0009069676283573688
A,123,THR,0.0019038697747990143
A,124,ARG,0.0011069942265748978
A,125,MET,0.0013965761422046594
A,126,SER,0.00016965354161877787
A,127,ILE,0.003337605607572962
A,128,TYR,0.0018386139884987711
A,129,SER,0.0037661130449944927
A,130,ASP,0.0023855396734618153
A,131,LYS,0.003396783095105725
A,132,SER,0.005051708485810987
A,133,ILE,0.004152919383256266
A,134,HIS,0.0012467887635076685
A,135,LEU,0.003811314268806829
A,136,SER,0.0009483052793169214
A,137,PHE,0.0018888855741048852
A,138,LEU,0.002958097427953683
A,139,ARG,0.0009796228939599363
A,140,THR,0.002875171666748302
A,141,VAL,0.0010364326693909779
A,142,PRO,0.0032860661626928165
A,143,PRO,0.0011966260817815673
A,144,TYR,0.004208718534530682
A,145,SER,0.0011177398504749422
A,146,HIS,0.003192775697763344
A,147,GLN,0.0021027626593907675
A,148,SER,0.0005162405285743936
A,149,SER,0.0026049878388162582
A,150,VAL,0.0017325700763827082
A,151,TRP,0.0017110257850665796
A,152,PHE,0.001722213878626159
A,153,GLU,0.0012940654046666462
A,154,MET,0.0016120561672973313
A,155,MET,0.0013121215493551322
A,156,ARG,0.002881180715957915
A,157,VAL,0.004458533910413583
A,158,TYR,0.00504598307809279
A,159,SER,0.005236248113214969
A,160,TRP,0.002633017224766183
A,161,ASN,0.002767722437588068
A,162,HIS,0.0017881611087692104
A,163,ILE,0.0016733722449256683
A,164,ILE,0.0007953091239707951
A,165,LEU,0.0012502494332987575
A,166,LEU,0.0024043509912728077
A,167,VAL,0.0011348291193188607
A,168,SER,0.0013813864349597885
A,169,ASP,0.0032862490332574426
A,170,ASP,0.0030140694619248103
A,171,HIS,0.0028761718006405446
A,172,GLU,0.0013689892408291855
A,173,GLY,0.0009975530601178224
A,174,ARG,0.002136879722948057
A,175,ALA,0.0020724960147987964
A,176,ALA,0.001607467831913815
A,177,GLN,0.0018240418202347226
A,178,LYS,0.0025634133233294145
A,179,ARG,0.0010148763527454685
A,180,LEU,0.0017446929939897425
A,181,GLU,0.0029291279505387017
A,182,THR,0.004074725461853018
A,183,LEU,0.004369079677471474
A,184,LEU,0.0016710595621620837
A,185,GLU,0.003152425563789804
A,186,GLU,0.005425823443139081
A,189,SER,0.007390349899088182
A,190,LYS,0.0030258011420146893
A,191,ALA,0.003516350324128487
A,192,GLU,0.001949301822165303
A,193,LYS,0.0021461847813413243
A,194,VAL,0.002796690654138039
A,195,LEU,0.0035836959138410675
A,196,GLN,0.0014821482041022843
A,197,PHE,0.0024925144389271736
A,198,ASP,0.002487381524527011
A,199,PRO,0.007352333649137766
A,200,GLY,0.004671464835365231
A,201,THR,0.003116187736998464
A,202,LYS,0.0042249676455759395
A,203,ASN,0.007117484887249959
A,204,VAL,0.0030799759070164173
A,205,THR,0.00527795423350167
A,206,ALA,0.006032733253903629
A,207,LEU,0.002598773002327971
A,208,LEU,0.001879947565829576
A,209,MET,0.0026026143168564886
A,210,GLU,0.0017828942681641857
A,211,ALA,0.00214710004281166
A,212,LYS,0.0027902966594102524
A,213,GLU,0.0037700624994499265
A,214,LEU,0.0033013386030991874
A,215,GLU,0.000989689075621889
A,216,ALA,0.0007890403061354345
A,217,ARG,0.0001604373644983029
A,218,VAL,0.00029641258578490595
A,219,ILE,0.0024328805987255146
A,220,ILE,0.0016616012524047555
A,221,LEU,0.0018288266036511208
A,222,SER,0.0020381241841542145
A,223,ALA,0.0022335375493118003
A,224,SER,0.003947609855282691
A,225,GLU,0.0022998636864092316
A,226,ASP,0.0037908331187046255
A,227,ASP,0.000950270124899291
A,228,ALA,0.0007974255429364221
A,229,ALA,0.002173055999356416
A,230,THR,0.0023657711531403797
A,231,VAL,0.004647587458121365
A,232,TYR,0.0010635016146098254
A,233,ARG,0.002087148237823896
A,234,ALA,0.0022110377561098847
A,235,ALA,0.002122147979806791
A,236,ALA,0.0048486799174963045
A,237,MET,0.003980084792211918
A,238,LEU,0.0030074921252428374
A,239,ASN,0.0042047757941942945
A,240,MET,0.0013937429316034208
A,241,THR,0.0007290342365131649
A,242,GLY,0.004263412565566027
A,243,SER,0.003581397283461786
A,244,GLY,0.004667736858559342
A,245,TYR,0.0027312521451815057
A,246,VAL,0.0010007279389805492
A,247,TRP,0.0009374984711604683
A,248,LEU,0.0009038524275914354
A,249,VAL,0.00036147877777359264
A,250,GLY,0.0006624378035597217
A,251,GLU,0.002011710118017924
A,252,ARG,0.0012557248034290153
A,253,GLU,0.000712090813462944
A,254,ILE,0.002915530148799044
A,255,SER,0.003090413263247859
A,256,GLY,0.0059749092190311505
A,257,ASN,0.003608053311323508
A,258,ALA,0.0004993615809163844
A,259,LEU,0.0033300341157919138
A,260,ARG,0.002798925957771657
A,261,TYR,0.006377989617477352
A,262,ALA,0.0020889457208718093
A,263,PRO,0.002891612262611494
A,264,ASP,0.0021550674733363208
A,265,GLY,0.0008986818048959741
A,266,ILE,0.0011372691886688624
A,267,LEU,0.002046711828596705
A,268,GLY,0.0012762046412367804
A,269,LEU,0.0013483381976109388
A,270,GLN,0.0035959454072225427
A,271,LEU,0.0021232107274271363
A,272,ILE,0.004009728800968697
A,273,ASN,0.00200754898862961
A,274,GLY,0.0027809768843536195
A,275,LYS,0.003916054131893314
A,276,ASN,0.002890668713893646
A,277,GLU,0.0016061104583499678
A,278,SER,0.004849036710877572
A,279,ALA,0.0029447872729524392
A,280,HIS,0.0009818835153834829
A,281,ILE,0.0022019035452362245
A,282,SER,0.003594763102310319
A,283,ASP,0.002205964616967915
A,284,ALA,0.002558972397746966
A,285,VAL,0.0014016710853354
A,286,GLY,0.0036528203546857606
A,287,VAL,0.0034564697215783186
A,288,VAL,0.0032796231526667358
A,289,ALA,0.0033442687474248946
A,290,GLN,0.0022960942114392917
A,291,ALA,0.00037055776649436286
A,292,VAL,0.0026717475078860834
A,293,HIS,0.0024757999261575086
A,294,GLU,0.0027045681153845895
A,295,LEU,0.001872035267007588
A,296,LEU,0.003464172659696668
A,297,GLU,0.004128340347732663
A,298,LYS,0.002512615939633826
A,299,GLU,0.004788124006692604
A,300,ASN,0.00334297957806251
A,301,ILE,0.004393089671387588
A,302,THR,0.002772480698822196
A,303,ASP,0.004620003731139583
A,304,PRO,0.0026767092095043676
A,305,PRO,0.0034359913888978976
A,306,ARG,0.0032179743751720355
A,307,GLY,0.0032440852373838425
A,308,CYS,0.004911557458965721
A,309,VAL,0.005749352758043799
A,310,GLY,0.005823621365170066
A,311,ASN,0.0010897046671463893
A,312,THR,0.00611953329035016
A,313,ASN,0.004370770896546161
A,314,ILE,0.004511004654208416
A,315,TRP,0.0026248619336177383
A,316,LYS,0.0038496764787172865
A,317,THR,0.0023100265994841274
A,318,GLY,0.000517648646984106
A,319,PRO,0.004904796269798429
A,320,LEU,0.0030624308618740063
A,321,PHE,0.0028988093331766625
A,322,LYS,0.0013375054231955339
A,323,ARG,0.002183547263869839
A,324,VAL,0.0016469010760761455
A,325,LEU,0.0021063840359597658
A,326,MET,0.0021019777226943654
A,327,SER,0.00601906553511658
A,328,SER,0.0028761190272146657
A,329,LYS,0.0033270377918320185
A,330,TYR,0.0017972388251652736
A,331,ALA,0.007547075126515051
A,332,ASP,0.003860102702834561
A,333,GLY,0.005367030067226062
A,334,VAL,0.0034638340959603758
A,335,THR,0.0024978552544272915
A,336,GLY,0.002347788836162251
A,337,ARG,0.0025227827692989014
A,338,VAL,0.0030679834167601475
A,339,GLU,0.0021840383344634766
A,340,PHE,0.0020765723932224017
A,341,ASN,0.0026381371781612054
A,342,GLU,0.005176041893360326
A,343,ASP,0.00475490316652109
A,344,GLY,0.0014701420351719628
A,345,ASP,0.000607533843637748
A,346,ARG,0.0005067550189738726
A,347,LYS,0.0026612352516691565
A,348,PHE,0.0019037238913976278
A,349,ALA,0.00354334732243257
A,350,ASN,0.0021894254244099825
A,351,TYR,0.0008489887899375687
A,352,SER,0.001865541024674331
A,353,ILE,0.0016984519865458386
A,354,MET,0.001381161601914625
A,355,ASN,0.0014950647950172425
A,356,LEU,0.0012457639746951746
A,357,GLN,0.0024135814912410246
A,358,ASN,0.005008669293079621
A,359,ARG,0.003962168510812912
A,360,LYS,0.002253836867304803
A,361,LEU,0.004594527483820471
A,362,VAL,0.0029488515708295778
A,363,GLN,0.0033047347826262313
A,364,VAL,0.0012972058150275
A,365,GLY,0.0013288060077824271
A,366,ILE,0.002656736179505508
A,367,TYR,0.0009255312390257197
A,368,ASN,0.0035002755431028515
A,369,GLY,0.0031577943636176106
A,370,THR,0.0035218809146520705
A,371,HIS,0.005731811347816672
A,372,VAL,0.004962894466074033
A,373,ILE,0.0025487528820782143
A,374,PRO,0.004005961741010348
A,375,ASN,0.005227461505012634
A,376,ASP,0.0038531504835634263
A,377,ARG,0.0019834821187231662
A,378,LYS,0.004101360816571672
A,379,ILE,0.0032127489628941577
A,380,ILE,0.0031903837689288375
A,381,TRP,0.0008164643260993456
A,382,PRO,0.00219715449010145
A,383,GLY,0.005080635677306698
A,384,GLY,0.006680174085956354
A,385,GLU,0.002486403175366566
A,386,THR,0.005199743315664141
A,387,GLU,0.0032776950653892996
A,388,LYS,0.0025576304193483507
A,389,PRO,0.002472414137244974
A,390,ARG,0.0022984790568151615
A,391,GLY,0.0006880700731506714
A,392,TYR,0.0027590202373016922
A,393,GLN,0.0022432900975561804
A,394,MET,0.004509779208871935
A,395,SER,0.004440948919903848
A,396,THR,0.0037059231490698145
A,397,ARG,0.003215721539853916
A,398,LEU,0.0008394774304360003
A,399,LYS,0.0009226155190105093
A,400,ILE,0.00031927566464782364
A,401,VAL,0.0001301323572152305
A,402,THR,0.0007969276887516296
A,403,ILE,0.0008173457153028038
A,404,HIS,0.002880961509487991
A,405,GLN,0.000654132001929813
A,406,GLU,0.0023866537290170055
A,407,PRO,0.0013120495948542215
A,408,PHE,0.0004874541366007179
A,409,VAL,0.0002208560753356794
A,410,TYR,0.002473116020172721
A,411,VAL,0.004103795823309271
A,412,LYS,0.0014531530885783545
A,413,PRO,0.006968731940694669
A,414,THR,0.0019553620476535586
A,415,LEU,0.002971998114713389
A,416,SER,0.007382433356777314
A,417,ASP,0.005318073797102419
A,418,GLY,0.0041577816009521484
A,419,THR,0.0038240584003370864
A,420,CYS,0.0036702678667124874
A,421,LYS,0.0034649212513182125
A,422,GLU,0.0042722954544251275
A,423,GLU,0.002996860698466878
A,424,PHE,0.003995131712872535
A,425,THR,0.0035482318977132265
A,426,VAL,0.0066834800534121604
A,427,ASN,0.0050317313044499126
A,428,GLY,0.003066034032739341
A,429,ASP,0.004456396702040045
A,430,PRO,0.005437157985918317
A,431,VAL,0.0027587912741234935
A,432,LYS,0.0030521164624557153
A,433,LYS,0.0017105772710500002
A,434,VAL,0.0022761796483363227
A,435,ILE,0.0032265815638043553
A,436,CYS,0.00027835107559037064
A,437,THR,0.0031712629052615443
A,438,GLY,0.0007846732220899027
A,439,PRO,0.0019478316436398705
A,440,ASN,0.003941569028374476
A,441,ASP,0.0027176182562668708
A,442,THR,0.0036772438149011238
A,443,SER,0.0035536562002474264
A,444,PRO,0.00514774412317963
A,445,GLY,0.008144231405682288
A,446,SER,0.0041832813121859104
A,447,PRO,0.006907227829848445
A,448,ARG,0.0013348887246238054
A,449,HIS,0.0031438718682953288
A,450,THR,0.00586166158101933
A,451,VAL,0.003360254629836257
A,452,PRO,0.004112018971504796
A,453,GLN,0.0009744543499416776
A,454,CYS,0.000370434219781644
A,455,CYS,0.0007957290791108936
A,456,TYR,0.0024999993315016136
A,457,GLY,0.00038191976133160864
A,458,PHE,0.0011678517029698318
A,459,CYS,0.0005020252735671882
A,460,ILE,0.0009638564212030264
A,461,ASP,0.0019003700590427058
A,462,LEU,0.0018448845358259643
A,463,LEU,0.0010580327552951762
A,464,ILE,0.0013667915452526987
A,465,LYS,0.0016911481033568664
A,466,LEU,0.0018676782434630156
A,467,ALA,0.0009742721828610398
A,468,ARG,0.002959176507119062
A,469,THR,0.004642048412067599
A,470,MET,0.0016951049505483492
A,471,ASN,0.004564539916240252
A,472,PHE,0.002835046174004674
A,473,THR,0.003244905943744058
A,474,TYR,0.0030984883922587783
A,475,GLU,0.0026380027155705095
A,476,VAL,0.0009350448675539302
A,477,HIS,0.0017459376748385175
A,478,LEU,0.0011925027886433388
A,479,VAL,0.001377229969520336
A,480,ALA,0.004363485514511203
A,481,ASP,0.004508533355794422
A,482,GLY,0.0024501525779039813
A,483,LYS,0.000735405710194323
A,484,PHE,0.001582324522799657
A,485,GLY,8.585408795624971e-05
A,486,THR,0.0009580868794474491
A,487,GLN,0.004360274930174152
A,488,GLU,0.002374699715140689
A,489,ARG,0.005160562530921324
A,496,LYS,0.004960601808013931
A,497,GLU,0.0028833609466929607
A,498,TRP,0.001247754507175271
A,499,ASN,0.002788347540757595
A,500,GLY,0.0026257228321180893
A,501,MET,7.480649687100335e-05
A,502,MET,0.00031132039813590903
A,503,GLY,0.001414293208374427
A,504,GLU,0.002153431867236781
A,505,LEU,0.0002764429739532779
A,506,LEU,0.0032713085839256124
A,507,SER,0.005108000700842709
A,508,GLY,0.0031183832235491048
A,509,GLN,0.005533031783998012
A,510,ALA,0.00048537688986795356
A,511,ASP,0.00140321286699199
A,512,MET,0.0014029998045381425
A,513,ILE,0.0009912169936732366
A,514,VAL,0.0009444145507168496
A,515,ALA,0.00020258961599175783
A,516,PRO,0.0005545258747542617
A,517,LEU,0.0006160569899664515
A,518,THR,0.001274202040634876
A,519,ILE,0.0016906840471446816
A,520,ASN,0.0009152146987617016
A,521,ASN,0.005205198854972155
A,522,GLU,0.0009062312498496586
A,523,ARG,0.0007749674790776777
A,524,ALA,0.00403816225873523
A,525,GLN,0.003266436151849727
A,526,TYR,0.004214564777429113
A,527,ILE,0.0012854590065314005
A,528,GLU,0.002916113356537616
A,529,PHE,0.0024061137538713712
A,530,SER,0.001835131452929589
A,531,LYS,0.004387049612162982
A,532,PRO,0.0016223033524042218
A,533,PHE,0.0013004383295386408
A,534,LYS,0.0011288173609192214
A,535,TYR,0.005914423938312996
A,536,GLN,0.0008006922440189454
A,537,GLY,0.0004352550022304058
A,538,LEU,0.0011390358040489219
A,539,THR,0.0006362866870192594
A,540,ILE,0.0007025412978784082
A,541,LEU,0.00048039564909181784
A,542,VAL,0.0019706630458434424
A,543,LYS,0.0022793969620903166
A,544,LYS,0.0023882369297730213
A,545,GLU,0.005757704844923832
A,552,ASP,0.002977450933172295
A,553,SER,0.0035749072178957926
A,554,PHE,0.0029136965570311685
A,555,MET,0.001575598714615418
A,556,GLN,0.001246841320147117
A,557,PRO,0.00271574199879132
A,558,PHE,0.0010055140087691446
A,559,GLN,0.002035077288746834
A,560,SER,0.005436388463262588
A,561,THR,0.006155344419354616
A,562,LEU,0.004377620521728969
A,563,TRP,0.00488567593907774
A,564,LEU,0.0031051813898172543
A,565,LEU,0.0054394077696137836
A,566,VAL,0.003522467852339962
A,567,GLY,0.0030942226473528603
A,568,LEU,0.0029541052141185127
A,569,SER,0.0023182271514087917
A,570,VAL,0.0008554283419795249
A,571,HIS,0.004463568425437968
A,572,VAL,0.0048312663753656135
A,573,VAL,0.002702831836610005
A,574,ALA,0.000874338166196217
A,575,VAL,0.005139478225389431
A,576,MET,0.0026051630723356667
A,577,LEU,0.0020385876585224377
A,578,TYR,0.0007445833720125173
A,579,LEU,0.003559708655510672
A,580,LEU,0.0035140245216921787
A,581,ASP,0.003515913030566947
A,582,ARG,0.0042517630444554085
A,603,LEU,0.003948121187995322
A,604,SER,0.006473308986413383
A,605,SER,0.005667863708109625
A,606,ALA,0.0019692291700562766
A,607,MET,0.0019744650365152794
A,608,TRP,0.0054629352499257055
A,609,PHE,0.005451022259270151
A,610,SER,0.0009703820398558052
A,611,TRP,0.005714897203602289
A,612,GLY,0.001850331036481433
A,613,VAL,0.0028595673776734836
A,614,LEU,0.0033035122219528725
A,615,LEU,0.0034500732160734
A,616,ASN,0.005862940240126007
A,617,SER,0.008161947275361707
A,618,GLY,0.004539225107202163
A,626,SER,0.008905263485447052
A,627,PHE,0.0070857354027490755
A,628,SER,0.004444691955652689
A,629,ALA,0.006766442519923051
A,630,ARG,0.00267170481791679
A,631,ILE,0.005703265374516926
A,632,LEU,0.0017901558234398045
A,633,GLY,0.0036930544301867485
A,634,MET,0.00650814435045634
A,635,VAL,0.00543398088936148
A,636,TRP,0.0011884039182117896
A,637,ALA,0.0035213420380542215
A,638,GLY,0.0033774693639805685
A,639,PHE,0.003941856390641382
A,640,ALA,0.0008667857366318042
A,641,MET,0.0023984896251931787
A,642,ILE,0.005925567083174202
A,643,ILE,0.002740977557735319
A,644,VAL,0.004567461298382573
A,645,ALA,0.003929140291703764
A,646,SER,0.004220545568293141
A,647,TYR,0.0034515469944982756
A,648,THR,0.004633639024050776
A,649,ALA,0.004684329337924141
A,650,ASN,0.0042348937585185735
A,651,LEU,0.002359431356293571
A,652,ALA,0.0040371704182421515
A,653,ALA,0.004681882152492686
A,654,PHE,0.004736106064228807
A,655,LEU,0.00503808349273654
A,656,VAL,0.006527258704106013
A,657,LEU,0.0035418892900149026
A,658,ASP,0.004555578580020005
A,659,ARG,0.00270305250824028
A,660,PRO,0.007332187419780677
A,661,GLU,0.002291820909944885
A,662,GLU,0.0036720032281672473
A,663,ARG,0.0029847008676648847
A,664,ILE,0.0008832707251823947
A,665,THR,0.0049867007548401
A,666,GLY,0.0006168774114205287
A,667,ILE,0.0027369540255649137
A,668,ASN,0.004202170446753884
A,669,ASP,0.0007691281061098365
A,670,PRO,0.006105276041388887
A,671,ARG,0.002070994058583122
A,672,LEU,0.00135041136046714
A,673,ARG,0.0013801275041246664
A,674,ASN,0.0026183124774923692
A,675,PRO,0.004232222794221257
A,676,SER,0.0038690828537989047
A,677,ASP,0.005562051281410177
A,678,LYS,0.003865540153899435
A,679,PHE,0.0023376643851709864
A,680,ILE,0.0021152919043697003
A,681,TYR,0.0012307948231017182
A,682,ALA,0.000822947012231678
A,683,THR,0.0007451666271324854
A,684,VAL,0.0005277590009908395
A,685,LYS,0.000978288448897143
A,686,GLN,0.0014855604039298164
A,687,SER,0.00047524392740019866
A,688,SER,0.0008346026267616019
A,689,VAL,0.0004843815601826913
A,690,ASP,0.0010466132972900962
A,691,ILE,0.0026667953237210435
A,692,TYR,0.0020784638050107902
A,693,PHE,0.001147875839281672
A,694,ARG,0.002492898796433515
A,695,ARG,0.00278973700878054
A,696,GLN,0.0026889002985424466
A,697,VAL,0.007051259777026957
A,698,GLU,0.0035912049391344522
A,699,LEU,0.0014206655045498663
A,700,SER,0.0033517970853755553
A,701,THR,0.004838512650674729
A,702,MET,0.0005411129443798148
A,703,TYR,0.0022026817748117696
A,704,ARG,0.0028769520186159732
A,705,HIS,0.00290403099903155
A,706,MET,0.0009696345743057984
A,707,GLU,0.0018744612062525322
A,708,LYS,0.004033565226748933
A,709,HIS,0.003727470722099367
A,710,ASN,0.0026092387246302307
A,711,TYR,0.00196787079454474
A,712,GLU,0.0033477598690582365
A,713,SER,0.0034066690297256553
A,714,ALA,0.002074462326438448
A,715,ALA,0.005882426374411398
A,716,GLU,0.0019890432216795035
A,717,ALA,1.8403482760569845e-05
A,718,ILE,0.002669144582551748
A,719,GLN,0.0028514929881526363
A,720,ALA,0.0015431248128067615
A,721,VAL,0.00048639860817755777
A,722,ARG,0.005042797831451371
A,723,ASP,0.003893274225781966
A,724,ASN,0.004442811336439962
A,725,LYS,0.0028003445526553414
A,726,LEU,0.000623827174639524
A,727,HIS,0.0015111597188349282
A,728,ALA,0.00118144477497382
A,729,PHE,0.00025683067215140907
A,730,ILE,0.0014289194779461107
A,731,TRP,0.0007345727187368954
A,732,ASP,0.0006648212776234654
A,733,SER,0.001637114872855525
A,734,ALA,0.0011883866215168044
A,735,VAL,0.0014804832586461957
A,736,LEU,0.0009190065563837094
A,737,GLU,0.004106869702874745
A,738,PHE,0.00087516552885063
A,739,GLU,0.001196638360982886
A,740,ALA,0.0026865647365736174
A,741,SER,0.0017535730640614224
A,742,GLN,0.002313428723977672
A,743,LYS,0.0018399968048778631
A,744,CYS,0.0032094786791298205
A,745,ASP,0.0020813252873371304
A,746,LEU,0.001445279471733751
A,747,VAL,0.002894983803532247
A,748,THR,0.004117837053896903
A,749,THR,0.0018183633666160669
A,750,GLY,0.0035384846134827687
A,751,GLU,0.003074491519226187
A,752,LEU,0.004171769034502036
A,753,PHE,0.002540313091109662
A,754,PHE,0.0021751985419541596
A,755,ARG,0.005994435349635671
A,756,SER,0.0004209852507037501
A,757,GLY,0.0011128489087031295
A,758,PHE,0.000828147865831852
A,759,GLY,0.0005379519190263146
A,760,ILE,0.0008832662541249077
A,761,GLY,0.001081540674651758
A,762,MET,0.00046208342610043474
A,763,ARG,0.0022197905116388235
A,764,LYS,0.002106056006041245
A,765,ASP,0.004771898577829408
A,766,SER,0.0018284437997687247
A,767,PRO,0.006953699580897466
A,768,TRP,0.0021980392109406622
A,769,LYS,0.0018093088085336959
A,770,GLN,0.0027992182473341623
A,771,ASN,0.002621598689793012
A,772,VAL,0.0015450860587772966
A,773,SER,0.0014492109898597964
A,774,LEU,0.0058016288534399885
A,775,SER,0.002632752996719172
A,776,ILE,0.0008079451762924567
A,777,LEU,0.004698732404492388
A,778,LYS,0.002067066693552217
A,779,SER,0.0016971070627351441
A,780,HIS,0.003610584928537719
A,781,GLU,0.003937741810447566
A,782,ASN,0.005824672077328731
A,783,GLY,0.0023708199005341157
A,784,PHE,0.003779079831050088
A,785,MET,0.0009040020611012421
A,786,GLU,0.0029320664653729963
A,787,ASP,0.0026064347379257022
A,788,LEU,0.0013511169879043947
A,789,ASP,0.0022883091285979193
A,790,LYS,0.002783441943732106
A,791,THR,0.00518630899293998
A,792,TRP,0.0021826171430579405
A,793,VAL,0.003286904138218526
A,794,ARG,0.002510568592697382
A,795,TYR,0.0031816252390411415
A,796,GLN,0.0012983626494598058
A,797,GLU,0.0027215495964537286
A,798,CYS,0.00410170243316871
A,799,ASP,0.006393017295574277
A,807,THR,0.009395480524142122
A,808,LEU,0.004657169947613828
A,809,THR,0.004434812999449584
A,810,PHE,0.006719236476055812
A,811,GLU,0.002311077553595128
A,812,ASN,0.0031713901230922114
A,813,MET,0.0014519673168251757
A,814,ALA,0.003277245217703225
A,815,GLY,0.002249097842230605
A,816,VAL,0.0047889848095204295
A,817,PHE,0.005740763985765322
A,818,MET,0.0028159085153934677
A,819,LEU,0.006377219848001181
A,820,VAL,0.005509709789492618
A,821,ALA,0.005297017363152762
A,822,GLY,0.004736968056442073
A,823,GLY,0.0037399439338164833
A,824,ILE,0.0026770148776131234
A,825,VAL,0.0032472912457653844
A,826,ALA,0.004966360711774161
A,827,GLY,0.003924422476512308
A,828,ILE,0.004731665412673188
A,829,PHE,0.0023039178922772408
A,830,LEU,0.002989936170552797
A,831,ILE,0.0023690523097509054
A,832,PHE,0.005675347203699251
A,833,ILE,0.003072331040189956
A,834,GLU,0.0026146789486499113
A,835,ILE,0.005618342406442625
A,836,ALA,0.004561360264846752
A,837,TYR,0.006502176271114116
A,838,LYS,0.0028975706437002805
A,839,ARG,0.0032456452536811357
A,840,HIS,0.004050332231729824
A,841,LYS,0.004423947405006926
C,25,LYS,0.005469447649005106
C,26,ILE,0.005344737727705598
C,27,VAL,0.0028848490201407806
C,28,ASN,0.002706447052649963
C,29,ILE,0.0014625294748599155
C,30,GLY,0.0011435598672295993
C,31,ALA,0.0019770224917997686
C,32,VAL,0.0015595946701821581
C,33,LEU,0.0014456992862347643
C,34,SER,0.002015431997396292
C,35,THR,0.004727500512502914
C,36,ARG,0.0030467444249041324
C,37,LYS,0.0031606939944864836
C,38,HIS,0.0013175984911088432
C,39,GLU,0.0015576068988495879
C,40,GLN,0.002732406734592385
C,41,MET,0.0011078145596132214
C,42,PHE,0.0009819447606181106
C,43,ARG,0.0020770149961467426
C,44,GLU,0.0026714348530755983
C,45,ALA,0.0013124212377177652
C,46,VAL,0.002031510674405372
C,47,ASN,0.0025087817046695795
C,48,GLN,0.0028548500314354896
C,49,ALA,0.0030973658304979173
C,50,ASN,0.0048342619688274005
C,51,LYS,0.003671285648972301
C,52,ARG,0.004363184291733442
C,58,ILE,0.008130064067492252
C,59,GLN,0.002286638083557288
C,60,LEU,0.0017606356222905329
C,61,ASN,0.003850743537529921
C,62,ALA,0.0046217953136494
C,63,THR,0.0010066999902212342
C,64,SER,0.0072201232275655195
C,65,VAL,0.000788023738169122
C,66,THR,0.0033187674910783076
C,67,HIS,0.0028615022877472385
C,68,LYS,0.0017855821643024683
C,69,PRO,0.009135624780407492
C,70,ASN,0.0024670800576225304
C,71,ALA,0.003893193175164304
C,72,ILE,0.004085076197527992
C,73,GLN,0.0023011453946431477
C,74,MET,0.00032571819610893726
C,75,ALA,0.0012198950763243114
C,76,LEU,0.002953161907136737
C,77,SER,0.002628768890375091
C,78,VAL,0.0012640391219535779
C,79,CYS,0.0029785035367675882
C,80,GLU,0.0020026945036046642
C,81,ASP,0.0016025506216945811
C,82,LEU,0.0016928430720793074
C,83,ILE,0.0006389068250501821
C,84,SER,0.005534012068904215
C,85,SER,0.0027113981785312777
C,86,GLN,0.0019261309732165601
C,87,VAL,0.0023396155548057167
C,88,TYR,0.0015211718957233791
C,89,ALA,0.0037869355648525002
C,90,ILE,0.0021103955639838264
C,91,LEU,0.0012168670814502892
C,92,VAL,0.0008241715787471026
C,93,SER,0.0023878143829924444
C,94,HIS,0.004271663252958595
C,95,PRO,0.002457482995078811
C,96,PRO,0.00830264896910005
C,97,THR,0.0021238663297438952
C,98,PRO,0.008557765557922705
C,99,ASN,0.004207362320560675
C,100,ASP,0.003018398525511817
C,101,HIS,0.0028994650534254368
C,102,PHE,0.002573466223354141
C,103,THR,0.0028430860392142866
C,104,PRO,0.0007816102551940665
C,105,THR,0.003615761106714693
C,106,PRO,0.0012808166123610342
C,107,VAL,0.0015765412378756479
C,108,SER,0.0002127772031892692
C,109,TYR,0.002115563273486529
C,110,THR,0.0027304855662636284
C,111,ALA,0.0012592927754907183
C,112,GLY,0.0029231667106684586
C,113,PHE,0.00628586042051514
C,114,TYR,0.002644767027751971
C,115,ARG,0.0010165102562330066
C,116,ILE,0.0014911408295032336
C,117,PRO,0.0009025354604617511
C,118,VAL,0.0007505104408717189
C,119,LEU,0.0018437118055206255
C,120,GLY,0.0001395128918095277
C,121,LEU,0.001433182372225087
C,122,THR,0.0007257657667058845
C,123,THR,0.0004986517434549886
C,124,ARG,0.00095483689249432
C,125,MET,0.001678680585298155
C,126,SER,0.0003450092288755601
C,127,ILE,0.0024496156558025685
C,128,TYR,0.0008685886837761608
C,129,SER,0.0024593016072627038
C,130,ASP,0.0024393455679118247
C,131,LYS,0.003522561350541379
C,132,SER,0.004872315055540493
C,133,ILE,0.006792067762861397
C,134,HIS,0.0013185876310412173
C,135,LEU,0.004516718482867403
C,136,SER,0.0007867903208299991
C,137,PHE,0.0004631306301841202
C,138,LEU,0.0011075581423938274
C,139,ARG,0.00014677735548602403
C,140,THR,0.0019079982181252955
C,141,VAL,0.0015029364737853322
C,142,PRO,0.0030164138513541073
C,143,PRO,9.928256238125405e-05
C,144,TYR,0.0037545400415812777
C,145,SER,0.0005998462438583374
C,146,HIS,0.002985496597830206
C,147,GLN,0.0020654540648683906
C,148,SER,0.0004483917427639807
C,149,SER,0.0038459992764758007
C,150,VAL,0.0013136275021637652
C,151,TRP,0.0010843529137210888
C,152,PHE,0.003579313923546579
C,153,GLU,0.0011964474257599611
C,154,MET,0.0012913795866812247
C,155,MET,0.0010071727790221172
C,156,ARG,0.0024939638453732875
C,157,VAL,0.006150077139937329
C,158,TYR,0.003094461473845257
C,159,SER,0.006025361570139085
C,160,TRP,0.0016750295532115718
C,161,ASN,0.0025976777172241456
C,162,HIS,0.0019074234379721539
C,163,ILE,0.0022864408772155114
C,164,ILE,0.000613009277612992
C,165,LEU,0.0017139775011299262
C,166,LEU,0.002377408183068593
C,167,VAL,0.0007741655083908431
C,168,SER,0.002000906136668017
C,169,ASP,0.003187911980664792
C,170,ASP,0.002760240615109088
C,171,HIS,0.002869938483594784
C,172,GLU,0.0012700708328240923
C,173,GLY,0.0012109188112215353
C,174,ARG,0.001918062564311889
C,175,ALA,0.0015711275672958803
C,176,ALA,0.0011524450351563535
C,177,GLN,0.0009993787037415637
C,178,LYS,0.002281577724931856
C,179,ARG,0.0011198685587771292
C,180,LEU,0.001307307923240448
C,181,GLU,0.0025016914827607137
C,182,THR,0.0054269852495730615
C,183,LEU,0.0034347698046126177
C,184,LEU,0.0024790110724482372
C,185,GLU,0.002520028585275727
C,186,GLU,0.006309936733523826
C,189,SER,0.005863972056296564
C,190,LYS,0.0031964985290700095
C,191,ALA,0.003009900479584701
C,192,GLU,0.0022783516467686725
C,193,LYS,0.0014944651274610373
C,194,VAL,0.0053878755271220685
C,195,LEU,0.0025271484350313004
C,196,GLN,0.002927390069493817
C,197,PHE,0.0026675993474782446
C,198,ASP,0.002031047730779015
C,199,PRO,0.005661007544060923
C,200,GLY,0.007946381372256348
C,201,THR,0.002577470983703469
C,202,LYS,0.003409672791919655
C,203,ASN,0.004376903673013051
C,204,VAL,0.0018191931999406252
C,205,THR,0.004968524704752273
C,206,ALA,0.006184359153285045
C,207,LEU,0.00183682223383467
C,208,LEU,0.0012307113583259915
C,209,MET,0.0026993612970857483
C,210,GLU,0.0025839934108837304
C,211,ALA,0.0019365039368903682
C,212,LYS,0.0029456661165676128
C,213,GLU,0.00391440711614797
C,214,LEU,0.003931509303068047
C,215,GLU,0.0011619212609118544
C,216,ALA,0.001841934217327787
C,217,ARG,0.00028282642937231344
C,218,VAL,2.8918301900741697e-05
C,219,ILE,0.0018120457850831564
C,220,ILE,0.000651322347750216
C,221,LEU,0.00033169724765368065
C,222,SER,0.0016817655797386841
C,223,ALA,0.00229714609422656
C,224,SER,0.005004869449523187
C,225,GLU,0.001526838147620182
C,226,ASP,0.0036788126019461783
C,227,ASP,0.0021601195152791052
C,228,ALA,0.00015602432653423427
C,229,ALA,0.00189575970952594
C,230,THR,0.002578974238510222
C,231,VAL,0.0014764891473051888
C,232,TYR,0.00021811950634881684
C,233,ARG,0.0019083628023084064
C,234,ALA,0.0009401516786725946
C,235,ALA,0.0012115731098970703
C,236,ALA,0.004665889062507208
C,237,MET,0.003939329725523878
C,238,LEU,0.004149840760104989
C,239,ASN,0.003254964794868078
C,240,MET,0.00195609317077989
C,241,THR,0.0017994197043536102
C,242,GLY,0.0030923008274000427
C,243,SER,0.0051279768347740175
C,244,GLY,0.005267224059655116
C,245,TYR,0.000861527911695464
C,246,VAL,0.0013133371857680038
C,247,TRP,0.0007399022419887938
C,248,LEU,0.00039157357798954147
C,249,VAL,0.00012290277973288434
C,250,GLY,0.00013305199368355365
C,251,GLU,0.001254792460929519
C,252,ARG,0.0008600061949695984
C,253,GLU,4.1415079104225465e-05
C,254,ILE,0.003791291753614917
C,255,SER,0.002538822783577827
C,256,GLY,0.006939966124124252
C,257,ASN,0.0033772809096635917
C,258,ALA,4.507414906379558e-05
C,259,LEU,0.003912157263254645
C,260,ARG,0.002857392967804369
C,261,TYR,0.0059105681836208466
C,262,ALA,0.0014311615043760154
C,263,PRO,0.0016930847115369525
C,264,ASP,0.0026308983206083042
C,265,GLY,0.0009018528508022428
C,266,ILE,0.0005716492810764062
C,267,LEU,0.0017914437863799692
C,268,GLY,0.00036582691917339194
C,269,LEU,0.0002854928919878691
C,270,GLN,0.0019046156568866637
C,271,LEU,0.0028095080039987515
C,272,ILE,0.00513247732867293
C,273,ASN,0.0014476209019239133
C,274,GLY,0.0026752787480990472
C,275,LYS,0.004488899755307426
C,276,ASN,0.0028234630154493527
C,277,GLU,0.0020307009964513137
C,278,SER,0.005838531481042024
C,279,ALA,0.0022268923569846062
C,280,HIS,0.0005300014355660616
C,281,ILE,0.0015964007346659218
C,282,SER,0.004784611276831598
C,283,ASP,0.0013567237865054313
C,284,ALA,0.0010030180389104888
C,285,VAL,0.002819320240496904
C,286,GLY,0.003579803442475028
C,287,VAL,0.0012145686851835799
C,288,VAL,0.002442352843053382
C,289,ALA,0.0037488023598873338
C,290,GLN,0.002176574050552315
C,291,ALA,5.850912064544914e-05
C,292,VAL,0.004807453531632735
C,293,HIS,0.0030224352127074133
C,294,GLU,0.0027466831945985423
C,295,LEU,0.001457845222260525
C,296,LEU,0.003844755342628677
C,297,GLU,0.004081200637056956
C,298,LYS,0.002536942243134066
C,299,GLU,0.004798853744840408
C,300,ASN,0.003209250023922859
C,301,ILE,0.004109944718024755
C,302,THR,0.003994780817329017
C,303,ASP,0.004442110556356339
C,304,PRO,0.0022149707700284023
C,305,PRO,0.0032739841024854084
C,306,ARG,0.002617977545970548
C,307,GLY,0.0033258816872078637
C,308,CYS,0.004115068932303679
C,309,VAL,0.006607821478840263
C,310,GLY,0.004737274175008329
C,311,ASN,0.0020601907858434016
C,312,THR,0.007591266622279533
C,313,ASN,0.0029812096116634515
C,314,ILE,0.007456112071531375
C,315,TRP,0.002461991710751726
C,316,LYS,0.003444545158437627
C,317,THR,0.0016892341670829284
C,318,GLY,0.00019080243118178958
C,319,PRO,0.006315928757917018
C,320,LEU,0.0030422440790270097
C,321,PHE,0.0025190578506832633
C,322,LYS,0.0011987601154310218
C,323,ARG,0.002117855688489049
C,324,VAL,0.0014496747158125214
C,325,LEU,0.00020652846838648786
C,326,MET,0.0016542272735802857
C,327,SER,0.0060292683962372045
C,328,SER,0.0016591126339570168
C,329,LYS,0.0033297124925519388
C,330,TYR,0.0014584673809404608
C,331,ALA,0.0071077479641566904
C,332,ASP,0.004698530785314777
C,333,GLY,0.004303918578303778
C,334,VAL,0.0035991576712996022
C,335,THR,0.0023293279904633936
C,336,GLY,0.0025935459416359663
C,337,ARG,0.0025026942909198956
C,338,VAL,0.0017661406423082982
C,339,GLU,0.00226280583338102
C,340,PHE,0.0017823095515874835
C,341,ASN,0.0031868777028881967
C,342,GLU,0.005264735701305984
C,343,ASP,0.00419201265653798
C,344,GLY,0.0005673611124690908
C,345,ASP,0.0008955962203172822
C,346,ARG,0.0005875135207698293
C,347,LYS,0.002628810472403637
C,348,PHE,0.001253338874084875
C,349,ALA,0.003581508659295622
C,350,ASN,0.00337364047479171
C,351,TYR,0.0005575489467930601
C,352,SER,0.0015283450409169159
C,353,ILE,0.0007108574057101901
C,354,MET,0.0011116848410373287
C,355,ASN,0.0008965760994798098
C,356,LEU,0.0008787083461537808
C,357,GLN,0.001742759793996811
C,358,ASN,0.005033373221372947
C,359,ARG,0.0036262521438681296
C,360,LYS,0.0018496071856658337
C,361,LEU,0.0043292608904415995
C,362,VAL,0.004113628568486364
C,363,GLN,0.0033630352995047967
C,364,VAL,0.0005060702819248725
C,365,GLY,0.00157999221342974
C,366,ILE,0.001871130103599942
C,367,TYR,0.00047190547363032295
C,368,ASN,0.002954563422080798
C,369,GLY,0.00427083684077773
C,370,THR,0.004538320516625983
C,371,HIS,0.0026054633781313896
C,372,VAL,0.004770702259593654
C,373,ILE,0.0032664103442944853
C,374,PRO,0.004565082715953108
C,375,ASN,0.005288211695658855
C,376,ASP,0.004050514265084205
C,377,ARG,0.0019518624528916213
C,378,LYS,0.003935498595869137
C,379,ILE,0.003065891759493743
C,380,ILE,0.0037431469769808015
C,381,TRP,0.0006269959830924085
C,382,PRO,0.001922032374115485
C,383,GLY,0.004955536766479222
C,384,GLY,0.005529436354453747
C,385,GLU,0.0024192436543948983
C,386,THR,0.00484314818289889
C,387,GLU,0.0033255939960747023
C,388,LYS,0.002358118524988008
C,389,PRO,0.0022520155722052797
C,390,ARG,0.0023858771475888515
C,391,GLY,0.0005246554949105933
C,392,TYR,0.0025956983334551294
C,393,GLN,0.0021526188765548997
C,394,MET,0.004436793163352247
C,395,SER,0.0033122219866321932
C,396,THR,0.0034847252008635117
C,397,ARG,0.006154750161090471
C,398,LEU,0.0010326423529368727
C,399,LYS,0.0009564040179395953
C,400,ILE,2.5542053455477438e-05
C,401,VAL,0.0001807393848724749
C,402,THR,0.0005579855615208142
C,403,ILE,0.0008620443035314228
C,404,HIS,0.0023213810818560887
C,405,GLN,0.0008498125274976094
C,406,GLU,0.0023581346412368887
C,407,PRO,0.0024230804685327523
C,408,PHE,0.0009382181645681461
C,409,VAL,0.0005205294395657791
C,410,TYR,0.0041060736987159055
C,411,VAL,0.005551260135982229
C,412,LYS,0.00110869829432439
C,413,PRO,0.006813527631087217
C,414,THR,0.002337169966140632
C,415,LEU,0.002940635743611191
C,416,SER,0.007429823681952492
C,417,ASP,0.004912143804789207
C,418,GLY,0.004804493581804519
C,419,THR,0.004027473810670334
C,420,CYS,0.003005412942590471
C,421,LYS,0.004369061566510443
C,422,GLU,0.0018853534053752173
C,423,GLU,0.0037861767437960534
C,424,PHE,0.0031811351887881755
C,425,THR,0.004711181575129199
C,426,VAL,0.006457188263021666
C,427,ASN,0.005236370957050568
C,428,GLY,0.0029299108293623878
C,429,ASP,0.0046401875216629685
C,430,PRO,0.004065303948309577
C,431,VAL,0.005426276354092419
C,432,LYS,0.00319712580639427
C,433,LYS,0.000919833792653724
C,434,VAL,0.0017383175610361256
C,435,ILE,0.004008943597942137
C,436,CYS,0.00023724417715238598
C,437,THR,0.0026530153226367263
C,438,GLY,0.00044344690440294263
C,439,PRO,0.0020811247592499044
C,440,ASN,0.003761131998199301
C,441,ASP,0.0030411130850024793
C,442,THR,0.0036675234752988747
C,443,SER,0.002942956476322105
C,444,PRO,0.0056754698004550155
C,445,GLY,0.007825832419957105
C,446,SER,0.003614801794080244
C,447,PRO,0.00818329484863851
C,448,ARG,0.0020141813931238914
C,449,HIS,0.003251312693984281
C,450,THR,0.004309195234591878
C,451,VAL,0.003801126211035954
C,452,PRO,0.004398738508516888
C,453,GLN,0.0006908488920372393
C,454,CYS,0.0007669753401991939
C,455,CYS,0.0007665890553397333
C,456,TYR,0.0034295042247260024
C,457,GLY,0.00031394881079904735
C,458,PHE,0.000843872193460508
C,459,CYS,0.00047363900624126373
C,460,ILE,0.00112071835913407
C,461,ASP,0.0009955916984412106
C,462,LEU,0.00012446308406579553
C,463,LEU,0.0002878881685102164
C,464,ILE,0.0033273832083013156
C,465,LYS,0.001208985580518147
C,466,LEU,0.0006446191735232054
C,467,ALA,0.001094746439493904
C,468,ARG,0.0029260199754940768
C,469,THR,0.005309707956215323
C,470,MET,0.0011245340855176827
C,471,ASN,0.004301062818521108
C,472,PHE,0.0011725163465598598
C,473,THR,0.004127072782234051
C,474,TYR,0.002731948740383745
C,475,GLU,0.0013130841549118405
C,476,VAL,0.0011195337517593783
C,477,HIS,0.0020087260885962416
C,478,LEU,0.0014904197768785467
C,479,VAL,0.0017288814562415682
C,480,ALA,0.004531144211429727
C,481,ASP,0.0042462166919918255
C,482,GLY,0.0014603064896968694
C,483,LYS,0.0006226360634111373
C,484,PHE,0.001504293917484271
C,485,GLY,1.0731760994531214e-05
C,486,THR,0.0013965378233859705
C,487,GLN,0.0028029247963180146
C,488,GLU,0.0021048830613293453
C,489,ARG,0.005489855515260766
C,496,LYS,0.006081748595934803
C,497,GLU,0.00263957659851743
C,498,TRP,0.0015916204006460152
C,499,ASN,0.002693746391779337
C,500,GLY,0.001970640956782378
C,501,MET,0.00015074454859131947
C,502,MET,0.0003497969508836312
C,503,GLY,0.001329265284137084
C,504,GLU,0.00031567813887056214
C,505,LEU,0.0009850655712502364
C,506,LEU,0.0038332739770783122
C,507,SER,0.0048009853449559985
C,508,GLY,0.005169006404825128
C,509,GLN,0.005641416625844108
C,510,ALA,0.00032371027997962033
C,511,ASP,0.002511109925150254
C,512,MET,0.0006501699151288319
C,513,ILE,0.00047180798143469895
C,514,VAL,0.000660830716623914
C,515,ALA,2.5955887958984968e-05
C,516,PRO,0.0005702318589982091
C,517,LEU,0.00024407910442545046
C,518,THR,0.0020078542441952715
C,519,ILE,0.0014057300197726427
C,520,ASN,0.000980011548082798
C,521,ASN,0.0065940531973655405
C,522,GLU,0.0010640208417290796
C,523,ARG,0.0
C,524,ALA,0.004595429326097171
C,525,GLN,0.0035026244591507645
C,526,TYR,0.0053725658611398
C,527,ILE,0.0009230193587464427
C,528,GLU,0.00240103662381525
C,529,PHE,0.0010411484069967022
C,530,SER,0.002257928384407874
C,531,LYS,0.004257308487421281
C,532,PRO,0.0024283338212203118
C,533,PHE,0.0004840330453589559
C,534,LYS,0.0013608665465006321
C,535,TYR,0.006058852885895809
C,536,GLN,0.0013891318042038216
C,537,GLY,0.000730775439968476
C,538,LEU,0.0012391707790431691
C,539,THR,0.0006456408693000327
C,540,ILE,0.0008748153432598574
C,541,LEU,0.00011891033037088404
C,542,VAL,0.0023423824459314346
C,543,LYS,0.0014554688783946557
C,544,LYS,0.0024605918206053517
C,545,GLU,0.006678192905513695
C,551,LEU,0.0072472729344866165
C,552,ASP,0.0022964464606707578
C,553,SER,0.00462878811128077
C,554,PHE,0.0046185983713561045
C,555,MET,0.002158053684979677
C,556,GLN,0.0010146532290511662
C,557,PRO,0.003986539589329007
C,558,PHE,0.0017013032324030065
C,559,GLN,0.0021653928524918028
C,560,SER,0.00578204904712977
C,561,THR,0.005934878872425923
C,562,LEU,0.004144033829482337
C,563,TRP,0.001790437461775646
C,564,LEU,0.006481588850566997
C,565,LEU,0.005709817211389245
C,566,VAL,0.004693100033542034
C,567,GLY,0.0030552080760781583
C,568,LEU,0.0029953566810755586
C,569,SER,0.0036569987160844667
C,570,VAL,0.0030267515685409307
C,571,HIS,0.0023043071518519093
C,572,VAL,0.0030197508809766895
C,573,VAL,0.0038460923476551457
C,574,ALA,0.0008851892347339281
C,575,VAL,0.003925659361926989
C,576,MET,0.0021703775169693734
C,577,LEU,0.0023001141137262778
C,578,TYR,0.00332474514856198
C,579,LEU,0.005808613272337474
C,580,LEU,0.004259404235181227
C,581,ASP,0.004299952344573223
C,582,ARG,0.004166147299450788
C,603,LEU,0.006401297362956835
C,604,SER,0.005233037816510806
C,605,SER,0.004504997223134964
C,606,ALA,0.001717222645127958
C,607,MET,0.0017465234185302897
C,608,TRP,0.006753643783904089
C,609,PHE,0.002697765473567415
C,610,SER,0.0013192382475901996
C,611,TRP,0.006829543692762391
C,612,GLY,0.002032117721123191
C,613,VAL,0.002694596204606966
C,614,LEU,0.002002906150402344
C,615,LEU,0.003662639988507538
C,616,ASN,0.006927288591097563
C,617,SER,0.006843114908664457
C,618,GLY,0.004694369836495473
C,619,ILE,0.0031567311935542805
C,620,GLY,0.008575899311556267
C,621,GLU,0.003978116195565382
C,622,GLY,0.003630202979995654
C,623,ALA,0.004602617149190732
C,624,PRO,0.005398926073275272
C,625,ARG,0.0022002433929728333
C,626,SER,0.006130314793347591
C,627,PHE,0.0043990101044376695
C,628,SER,0.004834300640129274
C,629,ALA,0.002720027627755505
C,630,ARG,0.002035711713502333
C,631,ILE,0.0028791643802057666
C,632,LEU,0.002948314952316569
C,633,GLY,0.0034469389535773257
C,634,MET,0.0032518728486528353
C,635,VAL,0.006587582822332437
C,636,TRP,0.0027285583219245862
C,637,ALA,0.005425351852363394
C,638,GLY,0.0034007485239551617
C,639,PHE,0.004664185433648526
C,640,ALA,0.002327637797467006
C,641,MET,0.0026216190474640045
C,642,ILE,0.00570063418496003
C,643,ILE,0.0040039638196813125
C,644,VAL,0.004762659830191098
C,645,ALA,0.003994246605466041
C,646,SER,0.003961819115905992
C,647,TYR,0.0031574641689906045
C,648,THR,0.004194320991721957
C,649,ALA,0.004687449354281317
C,650,ASN,0.0033489933046392906
C,651,LEU,0.0027389862987013598
C,652,ALA,0.0035808625696010367
C,653,ALA,0.004532599691734757
C,654,PHE,0.004997701675165445
C,655,LEU,0.004766147875630144
C,656,VAL,0.006627550391458917
C,657,LEU,0.00352937237948031
C,658,ASP,0.004454075995774775
C,659,ARG,0.0031592190863877316
C,660,PRO,0.007434452136351768
C,661,GLU,0.0026854321093302672
C,662,GLU,0.003407491869585497
C,663,ARG,0.002125600339287389
C,664,ILE,0.0008107306516072169
C,665,THR,0.00464039390194663
C,666,GLY,0.0002834758846662365
C,667,ILE,0.003409327494765296
C,668,ASN,0.004295457326448881
C,669,ASP,0.0004280325015669042
C,670,PRO,0.006043109656223711
C,671,ARG,0.003151669222215721
C,672,LEU,0.0011670552564794151
C,673,ARG,0.002028738787520106
C,674,ASN,0.002829427061936794
C,675,PRO,0.0030761182237908527
C,676,SER,0.0032237562088055474
C,677,ASP,0.005521929210022941
C,678,LYS,0.0038034092334998867
C,679,PHE,0.003099823363785011
C,680,ILE,0.0017899145545948504
C,681,TYR,0.0017169077837301467
C,682,ALA,0.00019762790653594706
C,683,THR,0.0008703231714059447
C,684,VAL,0.0006072843359012542
C,685,LYS,0.0008864716317907165
C,686,GLN,0.0009581233229902055
C,687,SER,0.0004824445612968937
C,688,SER,0.0007787072295022588
C,689,VAL,0.0006000547818357831
C,690,ASP,0.00113664541231864
C,691,ILE,0.0020260839093107787
C,692,TYR,0.0027950298671430055
C,693,PHE,0.001147207140941949
C,694,ARG,0.0027906214614419173
C,695,ARG,0.002970315394056349
C,696,GLN,0.0015821338031027053
C,697,VAL,0.006850432354994333
C,698,GLU,0.004024048523785287
C,699,LEU,0.0031417361703882023
C,700,SER,0.003679607838632599
C,701,THR,0.004247499956088791
C,702,MET,0.001524953928310424
C,703,TYR,0.00257576084226554
C,704,ARG,0.002796247825842269
C,705,HIS,0.002721138678420435
C,706,MET,0.0010905276909137943
C,707,GLU,0.0015047662578222462
C,708,LYS,0.003916081277874566
C,709,HIS,0.0031499507183200747
C,710,ASN,0.002975077684729909
C,711,TYR,0.0023221443495766293
C,712,GLU,0.003285776407169721
C,713,SER,0.003505150836351658
C,714,ALA,0.0030446388513254105
C,715,ALA,0.005956397658979246
C,716,GLU,0.0022022528615634005
C,717,ALA,7.361393013983503e-05
C,718,ILE,0.0024711936334062953
C,719,GLN,0.0028512053046789434
C,720,ALA,0.002056835495412003
C,721,VAL,4.33774515130054e-05
C,722,ARG,0.004596069451747802
C,723,ASP,0.004216704944660163
C,724,ASN,0.003975316248714732
C,725,LYS,0.002834256485862247
C,726,LEU,0.00045931779209579997
C,727,HIS,0.0017467877977261586
C,728,ALA,0.0018210462186225625
C,729,PHE,0.00017820903934383144
C,730,ILE,0.001915653987886942
C,731,TRP,0.0005493874134691922
C,732,ASP,0.0008277676787246694
C,733,SER,0.0010395215163307805
C,734,ALA,0.001964664851972299
C,735,VAL,0.001596396137296554
C,736,LEU,0.00023782065842504525
C,737,GLU,0.004012270402497374
C,738,PHE,0.0010774980299174785
C,739,GLU,0.00126253311509776
C,740,ALA,0.00017368564086193725
C,741,SER,0.0011648220025123127
C,742,GLN,0.0035675162873748277
C,743,LYS,0.0016436588090165691
C,744,CYS,0.0029930192349802054
C,745,ASP,0.0022841515067791073
C,746,LEU,0.0006264568021548773
C,747,VAL,0.0030500656455466203
C,748,THR,0.0038192359903870625
C,749,THR,0.0014364470681717057
C,750,GLY,0.0025083193949495372
C,751,GLU,0.0025316385495906587
C,752,LEU,0.004175413168262487
C,753,PHE,0.003177965590536284
C,754,PHE,0.0016720200597774237
C,755,ARG,0.00614977713647115
C,756,SER,0.002324983099054906
C,757,GLY,0.0015844240283163695
C,758,PHE,0.0010210912839587157
C,759,GLY,0.0003588622762785795
C,760,ILE,0.0006832499358434287
C,761,GLY,0.0002610662575954428
C,762,MET,0.00035500489684636705
C,763,ARG,0.001349808427294458
C,764,LYS,0.002903505607302916
C,765,ASP,0.0053310104563755074
C,766,SER,0.0017336410905925497
C,767,PRO,0.0063793431636555206
C,768,TRP,0.003044944112760979
C,769,LYS,0.0011849673149191726
C,770,GLN,0.0026112405019294883
C,771,ASN,0.0042220825377183085
C,772,VAL,0.0012457182620191712
C,773,SER,0.001336505191941415
C,774,LEU,0.005885105663493498
C,775,SER,0.00118994785532836
C,776,ILE,0.000245434942957827
C,777,LEU,0.004303039380566991
C,778,LYS,0.0023932766240342693
C,779,SER,0.0010715862653488594
C,780,HIS,0.003286047087125813
C,781,GLU,0.003974319107813819
C,782,ASN,0.005734598102907722
C,783,GLY,0.0025925301384771816
C,784,PHE,0.0035007884711376392
C,785,MET,0.0007013021656478356
C,786,GLU,0.0029077969758767182
C,787,ASP,0.002886316222693636
C,788,LEU,0.0011891033234009843
C,789,ASP,0.002047245057753331
C,790,LYS,0.0028539067252649594
C,791,THR,0.0037476067264770093
C,792,TRP,0.0036174175946303367
C,793,VAL,0.004017263586665022
C,794,ARG,0.002200195793551903
C,795,TYR,0.0029609332165677284
C,796,GLN,0.0023604625841188763
C,797,GLU,0.003888205654351166
C,798,CYS,0.004869345553263933
C,799,ASP,0.004457833583182004
C,807,THR,0.009021774649100249
C,808,LEU,0.007116660928650207
C,809,THR,0.0038570612587771097
C,810,PHE,0.002977175839866201
C,811,GLU,0.003162019518559022
C,812,ASN,0.001383073004679038
C,813,MET,0.0013197202351875603
C,814,ALA,0.004575578228736571
C,815,GLY,0.0025591754641097328
C,816,VAL,0.003729645765638086
C,817,PHE,0.005615560358758861
C,818,MET,0.00293892649850542
C,819,LEU,0.003322029592867811
C,820,VAL,0.005105561796233229
C,821,ALA,0.004573406680494316
C,822,GLY,0.003953634331432672
C,823,GLY,0.004306196826151931
C,824,ILE,0.002917139800407257
C,825,VAL,0.00302751039572317
C,826,ALA,0.004663878106042858
C,827,GLY,0.0037696853262157394
C,828,ILE,0.00600759738992408
C,829,PHE,0.0022777106845751406
C,830,LEU,0.0029793069257739173
C,831,ILE,0.002546406572041702
C,832,PHE,0.006212904106359929
C,833,ILE,0.0030815019485006478
C,834,GLU,0.0025980659831532447
C,835,ILE,0.005667500690731981
C,836,ALA,0.004290756892210754
C,837,TYR,0.006297168763223398
C,838,LYS,0.0028042666203642297
C,839,ARG,0.003108270157019805
C,840,HIS,0.00419662834195021
C,841,LYS,0.0041894940817255085
