chain,resid,resname,sasa_A2,maxASA_A2,RSA
A,28,ASN,0.6816275445744395,195,0.0034955258696125102
A,29,ILE,0.16980816423892975,197,0.0008619703768473591
A,30,GLY,0.14907383569516242,104,0.0014334022662996387
A,31,ALA,0.44162234803661704,129,0.003423429054547419
A,32,VAL,0.33034943451639265,174,0.0018985599684850152
A,33,LEU,0.22730505466461182,201,0.001130870918729412
A,34,SER,0.6409028088673949,155,0.004134856831402548
A,35,THR,0.5698353537591174,172,0.0033129962427855663
A,36,ARG,0.8454858614131808,274,0.0030857148226758426
A,37,LYS,0.7806711075827479,236,0.0033079284219607965
A,38,HIS,0.41226053796708584,224,0.0018404488302102046
A,39,GLU,0.4471496045589447,223,0.0020051551773943707
A,40,GLN,0.6101391455158591,225,0.0027117295356260404
A,41,MET,0.22327523492276669,224,0.000996764441619494
A,42,PHE,0.20048760995268822,240,0.0008353650414695342
A,43,ARG,0.591557189123705,274,0.002158967843517172
A,44,GLU,0.611040742136538,223,0.002740093014065193
A,45,ALA,0.10492185410112143,129,0.0008133477062102436
A,46,VAL,0.45510604651644826,174,0.0026155519914738408
A,47,ASN,0.6095948461443186,195,0.0031261274161247105
A,48,GLN,0.6154634607955813,225,0.0027353931590914727
A,49,ALA,0.3730121776461601,129,0.002891567268574885
A,50,ASN,0.7376140570268035,195,0.0037826361898810434
A,51,LYS,0.89386694598943,236,0.0037875718050399574
A,52,ARG,1.2147572659887373,274,0.0044334206787910125
A,58,ILE,1.3146405667066574,197,0.006673302369069327
A,59,GLN,0.9433011747896671,225,0.004192449665731854
A,60,LEU,0.6814319901168346,201,0.003390208906053904
A,61,ASN,0.980121182394214,195,0.005026262473816482
A,62,ALA,0.7426032377406955,129,0.005756614246051903
A,63,THR,0.8848839458078146,172,0.005144674103533806
A,64,SER,0.8091001082211733,155,0.005220000698201118
A,65,VAL,0.790580668952316,174,0.004543567062944345
A,66,THR,0.6546725295484066,172,0.0038062356369093406
A,67,HIS,0.935580343939364,224,0.004176697964015018
A,68,LYS,0.24349623965099454,236,0.0010317637273347226
A,69,PRO,1.1657339036464691,159,0.007331659771361441
A,70,ASN,0.5186514402739704,195,0.0026597509757639508
A,71,ALA,0.3215510491281748,129,0.0024926437916912773
A,72,ILE,0.8922415589913726,197,0.004529144969499353
A,73,GLN,0.5341296568512917,225,0.002373909586005741
A,74,MET,0.11321515101008117,224,0.0005054247812950052
A,75,ALA,0.30407353793270886,129,0.0023571592087806886
A,76,LEU,0.6577913109213114,201,0.003272593586673191
A,77,SER,0.34736144077032804,155,0.002241041553356955
A,78,VAL,0.33558792737312615,174,0.00192866624927084
A,79,CYS,0.43490975350141525,167,0.0026042500209665586
A,80,GLU,0.5398316150531173,223,0.0024207695742292255
A,81,ASP,0.3937910720705986,193,0.002040368249070459
A,82,LEU,0.4909313125535846,201,0.00244244434106261
A,83,ILE,0.14832414197735488,197,0.0007529144262809893
A,84,SER,0.8202458275482059,155,0.005291908564827134
A,85,SER,0.21779552521184087,155,0.001405132420721554
A,86,GLN,0.595751817105338,225,0.0026477858538015023
A,87,VAL,0.16459317633416504,174,0.000945937795023937
A,88,TYR,0.41063769662287086,263,0.0015613600632048321
A,89,ALA,0.3135422747582197,129,0.002430560269443564
A,90,ILE,0.29473957733716816,197,0.0014961399864830871
A,91,LEU,0.5281251389533281,201,0.0026274882534991447
A,92,VAL,0.4446540782228112,174,0.002555483208177076
A,93,SER,0.5175188835710287,155,0.0033388315069098626
A,94,HIS,0.8582097379257903,224,0.0038312934728829923
A,95,PRO,0.34314001456368715,159,0.0021581132991426864
A,96,PRO,1.248746167984791,159,0.007853749484181076
A,97,THR,0.5246183313429356,172,0.0030501065775752068
A,98,PRO,1.0817877380177379,159,0.006803696465520364
A,99,ASN,0.8510004617273808,195,0.004364104931935286
A,100,ASP,0.6237863106653094,193,0.0032320534231363184
A,101,HIS,0.7778746010735631,224,0.0034726544690784067
A,102,PHE,0.624204421415925,240,0.0026008517558996874
A,103,THR,0.42195338383316994,172,0.0024532173478672673
A,104,PRO,0.3595934668555856,159,0.0022615941311672047
A,105,THR,0.3208921831101179,172,0.0018656522273844064
A,106,PRO,0.36083718959707767,159,0.0022694162867740735
A,107,VAL,0.3439209184143692,174,0.001976557002381432
A,108,SER,0.20925869513303041,155,0.0013500560976324543
A,109,TYR,1.322938741184771,263,0.00503018532769875
A,110,THR,0.3547574495896697,172,0.002062543311567847
A,111,ALA,0.20998214092105627,129,0.001627768534271754
A,112,GLY,0.26415499579161406,104,0.0025399518826116738
A,113,PHE,1.4902001321315765,240,0.006209167217214902
A,114,TYR,0.8183337124064565,263,0.0031115350281614314
A,115,ARG,0.30870735459029675,274,0.0011266691773368495
A,116,ILE,0.38568583759479225,197,0.0019577961299228033
A,117,PRO,0.3069722601212561,159,0.001930643145416705
A,118,VAL,0.3558869054540992,174,0.0020453270428396507
A,119,LEU,0.46301627065986395,201,0.002303563535621214
A,120,GLY,0.20067730359733105,104,0.0019295894576666446
A,121,LEU,0.10692541860044003,201,0.0005319672567186071
A,122,THR,0.15599843207746744,172,0.0009069676283573688
A,123,THR,0.32746560126543045,172,0.0019038697747990143
A,124,ARG,0.303316418081522,274,0.0011069942265748978
A,125,MET,0.3128330558538437,224,0.0013965761422046594
A,126,SER,0.026296298950910568,155,0.00016965354161877787
A,127,ILE,0.6575083046918735,197,0.003337605607572962
A,128,TYR,0.4835554789751768,263,0.0018386139884987711
A,129,SER,0.5837475219741464,155,0.0037661130449944927
A,130,ASP,0.46040915697813034,193,0.0023855396734618153
A,131,LYS,0.8016408104449511,236,0.003396783095105725
A,132,SER,0.783014815300703,155,0.005051708485810987
A,133,ILE,0.8181251185014844,197,0.004152919383256266
A,134,HIS,0.27928068302571774,224,0.0012467887635076685
A,135,LEU,0.7660741680301726,201,0.003811314268806829
A,136,SER,0.14698731829412282,155,0.0009483052793169214
A,137,PHE,0.45333253778517246,240,0.0018888855741048852
A,138,LEU,0.5945775830186903,201,0.002958097427953683
A,139,ARG,0.2684166729450226,274,0.0009796228939599363
A,140,THR,0.49452952668070793,172,0.002875171666748302
A,141,VAL,0.18033928447403014,174,0.0010364326693909779
A,142,PRO,0.5224845198681578,159,0.0032860661626928165
A,143,PRO,0.1902635470032692,159,0.0011966260817815673
A,144,TYR,1.1068929745815694,263,0.004208718534530682
A,145,SER,0.17324967682361603,155,0.0011177398504749422
A,146,HIS,0.7151817562989891,224,0.003192775697763344
A,147,GLN,0.47312159836292267,225,0.0021027626593907675
A,148,SER,0.08001728192903101,155,0.0005162405285743936
A,149,SER,0.40377311501652,155,0.0026049878388162582
A,150,VAL,0.30146719329059124,174,0.0017325700763827082
A,151,TRP,0.48764234874397516,285,0.0017110257850665796
A,152,PHE,0.4133313308702782,240,0.001722213878626159
A,153,GLU,0.2885765852406621,223,0.0012940654046666462
A,154,MET,0.3611005814746022,224,0.0016120561672973313
A,155,MET,0.2939152270555496,224,0.0013121215493551322
A,156,ARG,0.7894435161724687,274,0.002881180715957915
A,157,VAL,0.7757849004119635,174,0.004458533910413583
A,158,TYR,1.3270935495384037,263,0.00504598307809279
A,159,SER,0.8116184575483203,155,0.005236248113214969
A,160,TRP,0.7504099090583622,285,0.002633017224766183
A,161,ASN,0.5397058753296733,195,0.002767722437588068
A,162,HIS,0.4005480883643031,224,0.0017881611087692104
A,163,ILE,0.3296543322503567,197,0.0016733722449256683
A,164,ILE,0.15667589742224663,197,0.0007953091239707951
A,165,LEU,0.25130013609305024,201,0.0012502494332987575
A,166,LEU,0.48327454924583435,201,0.0024043509912728077
A,167,VAL,0.19746026676148176,174,0.0011348291193188607
A,168,SER,0.2141148974187672,155,0.0013813864349597885
A,169,ASP,0.6342460634186864,193,0.0032862490332574426
A,170,ASP,0.5817154061514884,193,0.0030140694619248103
A,171,HIS,0.644262483343482,224,0.0028761718006405446
A,172,GLU,0.30528460070490837,223,0.0013689892408291855
A,173,GLY,0.10374551825225353,104,0.0009975530601178224
A,174,ARG,0.5855050440877676,274,0.002136879722948057
A,175,ALA,0.26735198590904474,129,0.0020724960147987964
A,176,ALA,0.20736335031688213,129,0.001607467831913815
A,177,GLN,0.4104094095528126,225,0.0018240418202347226
A,178,LYS,0.6049655443057418,236,0.0025634133233294145
A,179,ARG,0.2780761206522584,274,0.0010148763527454685
A,180,LEU,0.35068329179193825,201,0.0017446929939897425
A,181,GLU,0.6531955329701304,223,0.0029291279505387017
A,182,THR,0.7008527794387192,172,0.004074725461853018
A,183,LEU,0.8781850151717663,201,0.004369079677471474
A,184,LEU,0.33588297199457884,201,0.0016710595621620837
A,185,GLU,0.7029909007251263,223,0.003152425563789804
A,186,GLU,1.209958627820015,223,0.005425823443139081
A,189,SER,1.1455042343586683,155,0.007390349899088182
A,190,LYS,0.7140890695154667,236,0.0030258011420146893
A,191,ALA,0.45360919181257486,129,0.003516350324128487
A,192,GLU,0.43469430634286255,223,0.001949301822165303
A,193,LYS,0.5064996083965525,236,0.0021461847813413243
A,194,VAL,0.48662417382001877,174,0.002796690654138039
A,195,LEU,0.7203228786820546,201,0.0035836959138410675
A,196,GLN,0.333483345923014,225,0.0014821482041022843
A,197,PHE,0.5982034653425217,240,0.0024925144389271736
A,198,ASP,0.48006463423371315,193,0.002487381524527011
A,199,PRO,1.1690210502129048,159,0.007352333649137766
A,200,GLY,0.48583234287798405,104,0.004671464835365231
A,201,THR,0.5359842907637358,172,0.003116187736998464
A,202,LYS,0.9970923643559217,236,0.0042249676455759395
A,203,ASN,1.387909553013742,195,0.007117484887249959
A,204,VAL,0.5359158078208566,174,0.0030799759070164173
A,205,THR,0.9078081281622872,172,0.00527795423350167
A,206,ALA,0.7782225897535682,129,0.006032733253903629
A,207,LEU,0.5223533734679222,201,0.002598773002327971
A,208,LEU,0.37786946073174477,201,0.001879947565829576
A,209,MET,0.5829856069758534,224,0.0026026143168564886
A,210,GLU,0.3975854218006134,223,0.0017828942681641857
A,211,ALA,0.2769759055227041,129,0.00214710004281166
A,212,LYS,0.6585100116208196,236,0.0027902966594102524
A,213,GLU,0.8407239373773336,223,0.0037700624994499265
A,214,LEU,0.6635690592229366,201,0.0033013386030991874
A,215,GLU,0.22070066386368126,223,0.000989689075621889
A,216,ALA,0.10178619949147105,129,0.0007890403061354345
A,217,ARG,0.04395983787253499,274,0.0001604373644983029
A,218,VAL,0.051575789926573634,174,0.00029641258578490595
A,219,ILE,0.4792774779489264,197,0.0024328805987255146
A,220,ILE,0.3273354467237368,197,0.0016616012524047555
A,221,LEU,0.3675941473338753,201,0.0018288266036511208
A,222,SER,0.31590924854390323,155,0.0020381241841542145
A,223,ALA,0.28812634386122227,129,0.0022335375493118003
A,224,SER,0.6118795275688171,155,0.003947609855282691
A,225,GLU,0.5128696020692587,223,0.0022998636864092316
A,226,ASP,0.7316307919099927,193,0.0037908331187046255
A,227,ASP,0.18340213410556316,193,0.000950270124899291
A,228,ALA,0.10286789503879845,129,0.0007974255429364221
A,229,ALA,0.28032422391697764,129,0.002173055999356416
A,230,THR,0.40691263834014535,172,0.0023657711531403797
A,231,VAL,0.8086802177131176,174,0.004647587458121365
A,232,TYR,0.27970092464238405,263,0.0010635016146098254
A,233,ARG,0.5718786171637475,274,0.002087148237823896
A,234,ALA,0.2852238705381751,129,0.0022110377561098847
A,235,ALA,0.27375708939507604,129,0.002122147979806791
A,236,ALA,0.6254797093570232,129,0.0048486799174963045
A,237,MET,0.8915389934554696,224,0.003980084792211918
A,238,LEU,0.6045059171738103,201,0.0030074921252428374
A,239,ASN,0.8199312798678875,195,0.0042047757941942945
A,240,MET,0.31219841667916626,224,0.0013937429316034208
A,241,THR,0.12539388868026435,172,0.0007290342365131649
A,242,GLY,0.44339490681886673,104,0.004263412565566027
A,243,SER,0.5551165789365768,155,0.003581397283461786
A,244,GLY,0.4854446332901716,104,0.004667736858559342
A,245,TYR,0.718319314182736,263,0.0027312521451815057
A,246,VAL,0.17412666138261557,174,0.0010007279389805492
A,247,TRP,0.26718706428073347,285,0.0009374984711604683
A,248,LEU,0.1816743379458785,201,0.0009038524275914354
A,249,VAL,0.06289730733260512,174,0.00036147877777359264
A,250,GLY,0.06889353157021105,104,0.0006624378035597217
A,251,GLU,0.448611356317997,223,0.002011710118017924
A,252,ARG,0.3440685961395502,274,0.0012557248034290153
A,253,GLU,0.15879625140223652,223,0.000712090813462944
A,254,ILE,0.5743594393134117,197,0.002915530148799044
A,255,SER,0.47901405580341816,155,0.003090413263247859
A,256,GLY,0.6213905587792397,104,0.0059749092190311505
A,257,ASN,0.7035703957080841,195,0.003608053311323508
A,258,ALA,0.06441764393821359,129,0.0004993615809163844
A,259,LEU,0.6693368572741747,201,0.0033300341157919138
A,260,ARG,0.7669057124294341,274,0.002798925957771657
A,261,TYR,1.6774112693965435,263,0.006377989617477352
A,262,ALA,0.2694739979924634,129,0.0020889457208718093
A,263,PRO,0.45976634975522757,159,0.002891612262611494
A,264,ASP,0.4159280223539099,193,0.0021550674733363208
A,265,GLY,0.09346290770918131,104,0.0008986818048959741
A,266,ILE,0.22404203016776592,197,0.0011372691886688624
A,267,LEU,0.41138907754793763,201,0.002046711828596705
A,268,GLY,0.13272528268862516,104,0.0012762046412367804
A,269,LEU,0.2710159777197987,201,0.0013483381976109388
A,270,GLN,0.8090877166250721,225,0.0035959454072225427
A,271,LEU,0.4267653562128544,201,0.0021232107274271363
A,272,ILE,0.7899165737908334,197,0.004009728800968697
A,273,ASN,0.39147205278277397,195,0.00200754898862961
A,274,GLY,0.2892215959727764,104,0.0027809768843536195
A,275,LYS,0.9241887751268223,236,0.003916054131893314
A,276,ASN,0.5636803992092609,195,0.002890668713893646
A,277,GLU,0.3581626322120428,223,0.0016061104583499678
A,278,SER,0.7516006901860237,155,0.004849036710877572
A,279,ALA,0.37987755821086466,129,0.0029447872729524392
A,280,HIS,0.21994190744590014,224,0.0009818835153834829
A,281,ILE,0.4337749984115362,197,0.0022019035452362245
A,282,SER,0.5571882808580995,155,0.003594763102310319
A,283,ASP,0.42575117107480764,193,0.002205964616967915
A,284,ALA,0.3301074393093586,129,0.002558972397746966
A,285,VAL,0.24389076884835958,174,0.0014016710853354
A,286,GLY,0.3798933168873191,104,0.0036528203546857606
A,287,VAL,0.6014257315546274,174,0.0034564697215783186
A,288,VAL,0.570654428564012,174,0.0032796231526667358
A,289,ALA,0.4314106684178114,129,0.0033442687474248946
A,290,GLN,0.5166211975738406,225,0.0022960942114392917
A,291,ALA,0.04780195187777281,129,0.00037055776649436286
A,292,VAL,0.4648840663721785,174,0.0026717475078860834
A,293,HIS,0.5545791834592819,224,0.0024757999261575086
A,294,GLU,0.6031186897307634,223,0.0027045681153845895
A,295,LEU,0.3762790886685252,201,0.001872035267007588
A,296,LEU,0.6962987045990303,201,0.003464172659696668
A,297,GLU,0.920619897544384,223,0.004128340347732663
A,298,LYS,0.592977361753583,236,0.002512615939633826
A,299,GLU,1.0677516534924507,223,0.004788124006692604
A,300,ASN,0.6518810177221894,195,0.00334297957806251
A,301,ILE,0.8654386652633548,197,0.004393089671387588
A,302,THR,0.47686668019741774,172,0.002772480698822196
A,303,ASP,0.8916607201099396,193,0.004620003731139583
A,304,PRO,0.4255967643111944,159,0.0026767092095043676
A,305,PRO,0.5463226308347657,159,0.0034359913888978976
A,306,ARG,0.8817249787971377,274,0.0032179743751720355
A,307,GLY,0.3373848646879196,104,0.0032440852373838425
A,308,CYS,0.8202300956472754,167,0.004911557458965721
A,309,VAL,1.000387379899621,174,0.005749352758043799
A,310,GLY,0.6056566219776869,104,0.005823621365170066
A,311,ASN,0.2124924100935459,195,0.0010897046671463893
A,312,THR,1.0525597259402275,172,0.00611953329035016
A,313,ASN,0.8523003248265013,195,0.004370770896546161
A,314,ILE,0.8886679168790579,197,0.004511004654208416
A,315,TRP,0.7480856510810554,285,0.0026248619336177383
A,316,LYS,0.9085236489772797,236,0.0038496764787172865
A,317,THR,0.39732457511126995,172,0.0023100265994841274
A,318,GLY,0.05383545928634703,104,0.000517648646984106
A,319,PRO,0.7798626068979502,159,0.004904796269798429
A,320,LEU,0.6155486032366753,201,0.0030624308618740063
A,321,PHE,0.695714239962399,240,0.0028988093331766625
A,322,LYS,0.315651279874146,236,0.0013375054231955339
A,323,ARG,0.5982919503003359,274,0.002183547263869839
A,324,VAL,0.2865607872372493,174,0.0016469010760761455
A,325,LEU,0.4233831912279129,201,0.0021063840359597658
A,326,MET,0.4708430098835379,224,0.0021019777226943654
A,327,SER,0.9329551579430699,155,0.00601906553511658
A,328,SER,0.44579844921827316,155,0.0028761190272146657
A,329,LYS,0.7851809188723564,236,0.0033270377918320185
A,330,TYR,0.47267381101846695,263,0.0017972388251652736
A,331,ALA,0.9735726913204417,129,0.007547075126515051
A,332,ASP,0.7449998216470703,193,0.003860102702834561
A,333,GLY,0.5581711269915104,104,0.005367030067226062
A,334,VAL,0.6027071326971054,174,0.0034638340959603758
A,335,THR,0.42963110376149416,172,0.0024978552544272915
A,336,GLY,0.24417003896087408,104,0.002347788836162251
A,337,ARG,0.691242478787899,274,0.0025227827692989014
A,338,VAL,0.5338291145162657,174,0.0030679834167601475
A,339,GLU,0.4870405485853553,223,0.0021840383344634766
A,340,PHE,0.49837737437337637,240,0.0020765723932224017
A,341,ASN,0.514436749741435,195,0.0026381371781612054
A,342,GLU,1.1542573422193527,223,0.005176041893360326
A,343,ASP,0.9176963111385703,193,0.00475490316652109
A,344,GLY,0.15289477165788412,104,0.0014701420351719628
A,345,ASP,0.11725403182208538,193,0.000607533843637748
A,346,ARG,0.1388508751988411,274,0.0005067550189738726
A,347,LYS,0.6280515193939209,236,0.0026612352516691565
A,348,PHE,0.45689373393543065,240,0.0019037238913976278
A,349,ALA,0.4570918045938015,129,0.00354334732243257
A,350,ASN,0.4269379577599466,195,0.0021894254244099825
A,351,TYR,0.22328405175358057,263,0.0008489887899375687
A,352,SER,0.2891588588245213,155,0.001865541024674331
A,353,ILE,0.3345950413495302,197,0.0016984519865458386
A,354,MET,0.309380198828876,224,0.001381161601914625
A,355,ASN,0.2915376350283623,195,0.0014950647950172425
A,356,LEU,0.2503985589137301,201,0.0012457639746951746
A,357,GLN,0.5430558355292305,225,0.0024135814912410246
A,358,ASN,0.976690512150526,195,0.005008669293079621
A,359,ARG,1.085634171962738,274,0.003962168510812912
A,360,LYS,0.5319055006839335,236,0.002253836867304803
A,361,LEU,0.9235000242479146,201,0.004594527483820471
A,362,VAL,0.5131001733243465,174,0.0029488515708295778
A,363,GLN,0.7435653260909021,225,0.0033047347826262313
A,364,VAL,0.225713811814785,174,0.0012972058150275
A,365,GLY,0.13819582480937243,104,0.0013288060077824271
A,366,ILE,0.5233770273625851,197,0.002656736179505508
A,367,TYR,0.24341471586376429,263,0.0009255312390257197
A,368,ASN,0.682553730905056,195,0.0035002755431028515
A,369,GLY,0.3284106138162315,104,0.0031577943636176106
A,370,THR,0.6057635173201561,172,0.0035218809146520705
A,371,HIS,1.2839257419109344,224,0.005731811347816672
A,372,VAL,0.8635436370968819,174,0.004962894466074033
A,373,ILE,0.5021043177694082,197,0.0025487528820782143
A,374,PRO,0.6369479168206453,159,0.004005961741010348
A,375,ASN,1.0193549934774637,195,0.005227461505012634
A,376,ASP,0.7436580433277413,193,0.0038531504835634263
A,377,ARG,0.5434741005301476,274,0.0019834821187231662
A,378,LYS,0.9679211527109146,236,0.004101360816571672
A,379,ILE,0.6329115456901491,197,0.0032127489628941577
A,380,ILE,0.628505602478981,197,0.0031903837689288375
A,381,TRP,0.23269233293831348,285,0.0008164643260993456
A,382,PRO,0.34934756392613053,159,0.00219715449010145
A,383,GLY,0.5283861104398966,104,0.005080635677306698
A,384,GLY,0.6947381049394608,104,0.006680174085956354
A,385,GLU,0.5544679081067443,223,0.002486403175366566
A,386,THR,0.8943558502942324,172,0.005199743315664141
A,387,GLU,0.7309259995818138,223,0.0032776950653892996
A,388,LYS,0.6036007789662108,236,0.0025576304193483507
A,389,PRO,0.3931138478219509,159,0.002472414137244974
A,390,ARG,0.6297832615673542,274,0.0022984790568151615
A,391,GLY,0.07155928760766983,104,0.0006880700731506714
A,392,TYR,0.7256223224103451,263,0.0027590202373016922
A,393,GLN,0.5047402719501406,225,0.0022432900975561804
A,394,MET,1.0101905427873135,224,0.004509779208871935
A,395,SER,0.6883470825850964,155,0.004440948919903848
A,396,THR,0.6374187816400081,172,0.0037059231490698145
A,397,ARG,0.8811077019199729,274,0.003215721539853916
A,398,LEU,0.16873496351763606,201,0.0008394774304360003
A,399,LYS,0.21773726248648018,236,0.0009226155190105093
A,400,ILE,0.06289730593562126,197,0.00031927566464782364
A,401,VAL,0.022643030155450106,174,0.0001301323572152305
A,402,THR,0.1370715624652803,172,0.0007969276887516296
A,403,ILE,0.16101710591465235,197,0.0008173457153028038
A,404,HIS,0.6453353781253099,224,0.002880961509487991
A,405,GLN,0.14717970043420792,225,0.000654132001929813
A,406,GLU,0.5322237815707922,223,0.0023866537290170055
A,407,PRO,0.2086158855818212,159,0.0013120495948542215
A,408,PHE,0.1169889927841723,240,0.0004874541366007179
A,409,VAL,0.03842895710840821,174,0.0002208560753356794
A,410,TYR,0.6504295133054256,263,0.002473116020172721
A,411,VAL,0.7140604732558131,174,0.004103795823309271
A,412,LYS,0.34294412890449166,236,0.0014531530885783545
A,413,PRO,1.1080283785704523,159,0.006968731940694669
A,414,THR,0.3363222721964121,172,0.0019553620476535586
A,415,LEU,0.5973716210573912,201,0.002971998114713389
A,416,SER,1.1442771703004837,155,0.007382433356777314
A,417,ASP,1.026388242840767,193,0.005318073797102419
A,418,GLY,0.43240928649902344,104,0.0041577816009521484
A,419,THR,0.6577380448579788,172,0.0038240584003370864
A,420,CYS,0.6129347337409854,167,0.0036702678667124874
A,421,LYS,0.8177214153110981,236,0.0034649212513182125
A,422,GLU,0.9527218863368034,223,0.0042722954544251275
A,423,GLU,0.6682999357581139,223,0.002996860698466878
A,424,PHE,0.9588316110894084,240,0.003995131712872535
A,425,THR,0.610295886406675,172,0.0035482318977132265
A,426,VAL,1.162925529293716,174,0.0066834800534121604
A,427,ASN,0.981187604367733,195,0.0050317313044499126
A,428,GLY,0.31886753940489143,104,0.003066034032739341
A,429,ASP,0.8600845634937286,193,0.004456396702040045
A,430,PRO,0.8645081197610125,159,0.005437157985918317
A,431,VAL,0.48002968169748783,174,0.0027587912741234935
A,432,LYS,0.7202994851395488,236,0.0030521164624557153
A,433,LYS,0.4036962359678,236,0.0017105772710500002
A,434,VAL,0.39605525881052017,174,0.0022761796483363227
A,435,ILE,0.635636568069458,197,0.0032265815638043553
A,436,CYS,0.0464846296235919,167,0.00027835107559037064
A,437,THR,0.5454572197049856,172,0.0031712629052615443
A,438,GLY,0.08160601509734988,104,0.0007846732220899027
A,439,PRO,0.3097052313387394,159,0.0019478316436398705
A,440,ASN,0.7686059605330229,195,0.003941569028374476
A,441,ASP,0.524500323459506,193,0.0027176182562668708
A,442,THR,0.6324859361629933,172,0.0036772438149011238
A,443,SER,0.5508167110383511,155,0.0035536562002474264
A,444,PRO,0.8184913155855611,159,0.00514774412317963
A,445,GLY,0.847000066190958,104,0.008144231405682288
A,446,SER,0.6484086033888161,155,0.0041832813121859104
A,447,PRO,1.0982492249459028,159,0.006907227829848445
A,448,ARG,0.3657595105469227,274,0.0013348887246238054
A,449,HIS,0.7042272984981537,224,0.0031438718682953288
A,450,THR,1.0082057919353247,172,0.00586166158101933
A,451,VAL,0.5846843055915087,174,0.003360254629836257
A,452,PRO,0.6538110164692625,159,0.004112018971504796
A,453,GLN,0.21925222873687744,225,0.0009744543499416776
A,454,CYS,0.061862514703534544,167,0.000370434219781644
A,455,CYS,0.13288675621151924,167,0.0007957290791108936
A,456,TYR,0.6574998241849244,263,0.0024999993315016136
A,457,GLY,0.0397196551784873,104,0.00038191976133160864
A,458,PHE,0.2802844087127596,240,0.0011678517029698318
A,459,CYS,0.08383822068572044,167,0.0005020252735671882
A,460,ILE,0.18987971497699618,197,0.0009638564212030264
A,461,ASP,0.3667714213952422,193,0.0019003700590427058
A,462,LEU,0.3708217917010188,201,0.0018448845358259643
A,463,LEU,0.2126645838143304,201,0.0010580327552951762
A,464,ILE,0.26925793441478163,197,0.0013667915452526987
A,465,LYS,0.3991109523922205,236,0.0016911481033568664
A,466,LEU,0.37540332693606615,201,0.0018676782434630156
A,467,ALA,0.12568111158907413,129,0.0009742721828610398
A,468,ARG,0.810814362950623,274,0.002959176507119062
A,469,THR,0.798432326875627,172,0.004642048412067599
A,470,MET,0.3797035089228302,224,0.0016951049505483492
A,471,ASN,0.8900852836668491,195,0.004564539916240252
A,472,PHE,0.6804110817611217,240,0.002835046174004674
A,473,THR,0.558123822323978,172,0.003244905943744058
A,474,TYR,0.8149024471640587,263,0.0030984883922587783
A,475,GLU,0.5882746055722237,223,0.0026380027155705095
A,476,VAL,0.16269780695438385,174,0.0009350448675539302
A,477,HIS,0.3910900391638279,224,0.0017459376748385175
A,478,LEU,0.2396930605173111,201,0.0011925027886433388
A,479,VAL,0.23963801469653845,174,0.001377229969520336
A,480,ALA,0.5628896313719451,129,0.004363485514511203
A,481,ASP,0.8701469376683235,193,0.004508533355794422
A,482,GLY,0.25481586810201406,104,0.0024501525779039813
A,483,LYS,0.17355574760586023,236,0.000735405710194323
A,484,PHE,0.3797578854719177,240,0.001582324522799657
A,485,GLY,0.00892882514744997,104,8.585408795624971e-05
A,486,THR,0.16479094326496124,172,0.0009580868794474491
A,487,GLN,0.9810618592891842,225,0.004360274930174152
A,488,GLU,0.5295580364763737,223,0.002374699715140689
A,489,ARG,1.4139941334724426,274,0.005160562530921324
A,496,LYS,1.1707020266912878,236,0.004960601808013931
A,497,GLU,0.6429894911125302,223,0.0028833609466929607
A,498,TRP,0.3556100345449522,285,0.001247754507175271
A,499,ASN,0.543727770447731,195,0.002788347540757595
A,500,GLY,0.2730751745402813,104,0.0026257228321180893
A,501,MET,0.01675665529910475,224,7.480649687100335e-05
A,502,MET,0.06973576918244362,224,0.00031132039813590903
A,503,GLY,0.1470864936709404,104,0.001414293208374427
A,504,GLU,0.48021530639380217,223,0.002153431867236781
A,505,LEU,0.05556503776460886,201,0.0002764429739532779
A,506,LEU,0.6575330253690481,201,0.0032713085839256124
A,507,SER,0.7917401086306199,155,0.005108000700842709
A,508,GLY,0.3243118552491069,104,0.0031183832235491048
A,509,GLN,1.2449321513995528,225,0.005533031783998012
A,510,ALA,0.06261361879296601,129,0.00048537688986795356
A,511,ASP,0.27082008332945406,193,0.00140321286699199
A,512,MET,0.3142719562165439,224,0.0014029998045381425
A,513,ILE,0.1952697477536276,197,0.0009912169936732366
A,514,VAL,0.16432813182473183,174,0.0009444145507168496
A,515,ALA,0.02613406046293676,129,0.00020258961599175783
A,516,PRO,0.0881696140859276,159,0.0005545258747542617
A,517,LEU,0.12382745498325676,201,0.0006160569899664515
A,518,THR,0.21916275098919868,172,0.001274202040634876
A,519,ILE,0.3330647572875023,197,0.0016906840471446816
A,520,ASN,0.1784668662585318,195,0.0009152146987617016
A,521,ASN,1.0150137767195702,195,0.005205198854972155
A,522,GLU,0.20208956871647388,223,0.0009062312498496586
A,523,ARG,0.21234108926728368,274,0.0007749674790776777
A,524,ALA,0.5209229313768446,129,0.00403816225873523
A,525,GLN,0.7349481341661885,225,0.003266436151849727
A,526,TYR,1.1084305364638567,263,0.004214564777429113
A,527,ILE,0.2532354242866859,197,0.0012854590065314005
A,528,GLU,0.6502932785078883,223,0.002916113356537616
A,529,PHE,0.5774673009291291,240,0.0024061137538713712
A,530,SER,0.2844453752040863,155,0.001835131452929589
A,531,LYS,1.0353437084704638,236,0.004387049612162982
A,532,PRO,0.25794623303227127,159,0.0016223033524042218
A,533,PHE,0.3121051990892738,240,0.0013004383295386408
A,534,LYS,0.26640089717693627,236,0.0011288173609192214
A,535,TYR,1.555493495776318,263,0.005914423938312996
A,536,GLN,0.18015575490426272,225,0.0008006922440189454
A,537,GLY,0.045266520231962204,104,0.0004352550022304058
A,538,LEU,0.2289461966138333,201,0.0011390358040489219
A,539,THR,0.10944131016731262,172,0.0006362866870192594
A,540,ILE,0.1384006356820464,197,0.0007025412978784082
A,541,LEU,0.09655952546745539,201,0.00048039564909181784
A,542,VAL,0.34289536997675896,174,0.0019706630458434424
A,543,LYS,0.5379376830533147,236,0.0022793969620903166
A,544,LYS,0.5636239154264331,236,0.0023882369297730213
A,545,GLU,1.2839681804180145,223,0.005757704844923832
A,552,ASP,0.574648030102253,193,0.002977450933172295
A,553,SER,0.5541106187738478,155,0.0035749072178957926
A,554,PHE,0.6992871736874804,240,0.0029136965570311685
A,555,MET,0.3529341120738536,224,0.001575598714615418
A,556,GLN,0.2805392970331013,225,0.001246841320147117
A,557,PRO,0.43180297780781984,159,0.00271574199879132
A,558,PHE,0.2413233621045947,240,0.0010055140087691446
A,559,GLN,0.4578923899680376,225,0.002035077288746834
A,560,SER,0.8426402118057013,155,0.005436388463262588
A,561,THR,1.058719240128994,172,0.006155344419354616
A,562,LEU,0.8799017248675227,201,0.004377620521728969
A,563,TRP,1.392417642637156,285,0.00488567593907774
A,564,LEU,0.6241414593532681,201,0.0031051813898172543
A,565,LEU,1.0933209616923705,201,0.0054394077696137836
A,566,VAL,0.6129094063071534,174,0.003522467852339962
A,567,GLY,0.3217991553246975,104,0.0030942226473528603
A,568,LEU,0.593775148037821,201,0.0029541052141185127
A,569,SER,0.3593252084683627,155,0.0023182271514087917
A,570,VAL,0.14884453150443733,174,0.0008554283419795249
A,571,HIS,0.9998393272981048,224,0.004463568425437968
A,572,VAL,0.8406403493136168,174,0.0048312663753656135
A,573,VAL,0.47029273957014084,174,0.002702831836610005
A,574,ALA,0.11278962343931198,129,0.000874338166196217
A,575,VAL,0.894269211217761,174,0.005139478225389431
A,576,MET,0.5835565282031894,224,0.0026051630723356667
A,577,LEU,0.40975611936300993,201,0.0020385876585224377
A,578,TYR,0.19582542683929205,263,0.0007445833720125173
A,579,LEU,0.7155014397576451,201,0.003559708655510672
A,580,LEU,0.7063189288601279,201,0.0035140245216921787
A,581,ASP,0.6785712148994207,193,0.003515913030566947
A,582,ARG,1.1649830741807818,274,0.0042517630444554085
A,603,LEU,0.7935723587870598,201,0.003948121187995322
A,604,SER,1.0033628928940743,155,0.006473308986413383
A,605,SER,0.8785188747569919,155,0.005667863708109625
A,606,ALA,0.2540305629372597,129,0.0019692291700562766
A,607,MET,0.4422801681794226,224,0.0019744650365152794
A,608,TRP,1.556936546228826,285,0.0054629352499257055
A,609,PHE,1.3082453422248363,240,0.005451022259270151
A,610,SER,0.1504092161776498,155,0.0009703820398558052
A,611,TRP,1.6287457030266523,285,0.005714897203602289
A,612,GLY,0.19243442779406905,104,0.001850331036481433
A,613,VAL,0.4975647237151861,174,0.0028595673776734836
A,614,LEU,0.6640059566125274,201,0.0033035122219528725
A,615,LEU,0.6934647164307535,201,0.0034500732160734
A,616,ASN,1.1432733468245715,195,0.005862940240126007
A,617,SER,1.2651018276810646,155,0.008161947275361707
A,618,GLY,0.47207941114902496,104,0.004539225107202163
A,626,SER,1.3803158402442932,155,0.008905263485447052
A,627,PHE,1.700576496659778,240,0.0070857354027490755
A,628,SER,0.6889272531261668,155,0.004444691955652689
A,629,ALA,0.8728710850700736,129,0.006766442519923051
A,630,ARG,0.7320471201092005,274,0.00267170481791679
A,631,ILE,1.1235432787798345,197,0.005703265374516926
A,632,LEU,0.3598213205114007,201,0.0017901558234398045
A,633,GLY,0.38407766073942184,104,0.0036930544301867485
A,634,MET,1.4578243345022202,224,0.00650814435045634
A,635,VAL,0.9455126747488976,174,0.00543398088936148
A,636,TRP,0.33869511669036,285,0.0011884039182117896
A,637,ALA,0.45425312290899456,129,0.0035213420380542215
A,638,GLY,0.3512568138539791,104,0.0033774693639805685
A,639,PHE,0.9460455337539315,240,0.003941856390641382
A,640,ALA,0.11181536002550274,129,0.0008667857366318042
A,641,MET,0.537261676043272,224,0.0023984896251931787
A,642,ILE,1.1673367153853178,197,0.005925567083174202
A,643,ILE,0.5399725788738579,197,0.002740977557735319
A,644,VAL,0.7947382659185678,174,0.004567461298382573
A,645,ALA,0.5068590976297855,129,0.003929140291703764
A,646,SER,0.6541845630854368,155,0.004220545568293141
A,647,TYR,0.9077568595530465,263,0.0034515469944982756
A,648,THR,0.7969859121367335,172,0.004633639024050776
A,649,ALA,0.6042784845922142,129,0.004684329337924141
A,650,ASN,0.8258042829111218,195,0.0042348937585185735
A,651,LEU,0.47424570261500776,201,0.002359431356293571
A,652,ALA,0.5207949839532375,129,0.0040371704182421515
A,653,ALA,0.6039627976715565,129,0.004681882152492686
A,654,PHE,1.1366654554149136,240,0.004736106064228807
A,655,LEU,1.0126547820400447,201,0.00503808349273654
A,656,VAL,1.1357430145144463,174,0.006527258704106013
A,657,LEU,0.7119197472929955,201,0.0035418892900149026
A,658,ASP,0.879226665943861,193,0.004555578580020005
A,659,ARG,0.7406363872578368,274,0.00270305250824028
A,660,PRO,1.1658177997451276,159,0.007332187419780677
A,661,GLU,0.5110760629177094,223,0.002291820909944885
A,662,GLU,0.8188567198812962,223,0.0036720032281672473
A,663,ARG,0.8178080377401784,274,0.0029847008676648847
A,664,ILE,0.17400433286093175,197,0.0008832707251823947
A,665,THR,0.8577125298324972,172,0.0049867007548401
A,666,GLY,0.06415525078773499,104,0.0006168774114205287
A,667,ILE,0.539179943036288,197,0.0027369540255649137
A,668,ASN,0.8194232371170074,195,0.004202170446753884
A,669,ASP,0.14844172447919846,193,0.0007691281061098365
A,670,PRO,0.970738890580833,159,0.006105276041388887
A,671,ARG,0.5674523720517755,274,0.002070994058583122
A,672,LEU,0.27143268345389515,201,0.00135041136046714
A,673,ARG,0.3781549361301586,274,0.0013801275041246664
A,674,ASN,0.510570933111012,195,0.0026183124774923692
A,675,PRO,0.6729234242811799,159,0.004232222794221257
A,676,SER,0.5997078423388302,155,0.0038690828537989047
A,677,ASP,1.0734758973121643,193,0.005562051281410177
A,678,LYS,0.9122674763202667,236,0.003865540153899435
A,679,PHE,0.5610394524410367,240,0.0023376643851709864
A,680,ILE,0.4167125051608309,197,0.0021152919043697003
A,681,TYR,0.3236990384757519,263,0.0012307948231017182
A,682,ALA,0.10616016457788646,129,0.000822947012231678
A,683,THR,0.1281686598667875,172,0.0007451666271324854
A,684,VAL,0.09183006617240608,174,0.0005277590009908395
A,685,LYS,0.23087607393972576,236,0.000978288448897143
A,686,GLN,0.3342510908842087,225,0.0014855604039298164
A,687,SER,0.0736628087470308,155,0.00047524392740019866
A,688,SER,0.12936340714804828,155,0.0008346026267616019
A,689,VAL,0.08428239147178829,174,0.0004843815601826913
A,690,ASP,0.2019963663769886,193,0.0010466132972900962
A,691,ILE,0.5253586787730455,197,0.0026667953237210435
A,692,TYR,0.5466359807178378,263,0.0020784638050107902
A,693,PHE,0.2754902014276013,240,0.001147875839281672
A,694,ARG,0.6830542702227831,274,0.002492898796433515
A,695,ARG,0.764387940405868,274,0.00278973700878054
A,696,GLN,0.6050025671720505,225,0.0026889002985424466
A,697,VAL,1.2269192012026906,174,0.007051259777026957
A,698,GLU,0.8008387014269829,223,0.0035912049391344522
A,699,LEU,0.2855537664145231,201,0.0014206655045498663
A,700,SER,0.519528548233211,155,0.0033517970853755553
A,701,THR,0.8322241759160534,172,0.004838512650674729
A,702,MET,0.12120929954107851,224,0.0005411129443798148
A,703,TYR,0.5793053067754954,263,0.0022026817748117696
A,704,ARG,0.7882848531007767,274,0.0028769520186159732
A,705,HIS,0.6505029437830672,224,0.00290403099903155
A,706,MET,0.21719814464449883,224,0.0009696345743057984
A,707,GLU,0.41800484899431467,223,0.0018744612062525322
A,708,LYS,0.9519213935127482,236,0.004033565226748933
A,709,HIS,0.8349534417502582,224,0.003727470722099367
A,710,ASN,0.508801551302895,195,0.0026092387246302307
A,711,TYR,0.5175500189652666,263,0.00196787079454474
A,712,GLU,0.7465504507999867,223,0.0033477598690582365
A,713,SER,0.5280336996074766,155,0.0034066690297256553
A,714,ALA,0.26760564011055976,129,0.002074462326438448
A,715,ALA,0.7588330022990704,129,0.005882426374411398
A,716,GLU,0.4435566384345293,223,0.0019890432216795035
A,717,ALA,0.00237404927611351,129,1.8403482760569845e-05
A,718,ILE,0.5258214827626944,197,0.002669144582551748
A,719,GLN,0.6415859223343432,225,0.0028514929881526363
A,720,ALA,0.19906310085207224,129,0.0015431248128067615
A,721,VAL,0.08463335782289505,174,0.00048639860817755777
A,722,ARG,1.3817266058176756,274,0.005042797831451371
A,723,ASP,0.7514019255759194,193,0.003893274225781966
A,724,ASN,0.8663482106057927,195,0.004442811336439962
A,725,LYS,0.6608813144266605,236,0.0028003445526553414
A,726,LEU,0.1253892621025443,201,0.000623827174639524
A,727,HIS,0.3384997770190239,224,0.0015111597188349282
A,728,ALA,0.15240637597162277,129,0.00118144477497382
A,729,PHE,0.06163936131633818,240,0.00025683067215140907
A,730,ILE,0.2814971371553838,197,0.0014289194779461107
A,731,TRP,0.20935322484001517,285,0.0007345727187368954
A,732,ASP,0.1283105065813288,193,0.0006648212776234654
A,733,SER,0.25375280529260635,155,0.001637114872855525
A,734,ALA,0.15330187417566776,129,0.0011883866215168044
A,735,VAL,0.25760408700443804,174,0.0014804832586461957
A,736,LEU,0.1847203178331256,201,0.0009190065563837094
A,737,GLU,0.9158319437410682,223,0.004106869702874745
A,738,PHE,0.21003972692415118,240,0.00087516552885063
A,739,GLU,0.2668503544991836,223,0.001196638360982886
A,740,ALA,0.34656685101799667,129,0.0026865647365736174
A,741,SER,0.2718038249295205,155,0.0017535730640614224
A,742,GLN,0.5205214628949761,225,0.002313428723977672
A,743,LYS,0.4342392459511757,236,0.0018399968048778631
A,744,CYS,0.53598293941468,167,0.0032094786791298205
A,745,ASP,0.40169578045606613,193,0.0020813252873371304
A,746,LEU,0.29050117381848395,201,0.001445279471733751
A,747,VAL,0.503727181814611,174,0.002894983803532247
A,748,THR,0.7082679732702672,172,0.004117837053896903
A,749,THR,0.3127584990579635,172,0.0018183633666160669
A,750,GLY,0.36800239980220795,104,0.0035384846134827687
A,751,GLU,0.6856116087874398,223,0.003074491519226187
A,752,LEU,0.8385255759349093,201,0.004171769034502036
A,753,PHE,0.6096751418663189,240,0.002540313091109662
A,754,PHE,0.5220476500689983,240,0.0021751985419541596
A,755,ARG,1.6424752858001739,274,0.005994435349635671
A,756,SER,0.06525271385908127,155,0.0004209852507037501
A,757,GLY,0.11573628650512546,104,0.0011128489087031295
A,758,PHE,0.19875548779964447,240,0.000828147865831852
A,759,GLY,0.05594699957873672,104,0.0005379519190263146
A,760,ILE,0.1740034520626068,197,0.0008832662541249077
A,761,GLY,0.11248023016378284,104,0.001081540674651758
A,762,MET,0.10350668744649738,224,0.00046208342610043474
A,763,ARG,0.6082226001890376,274,0.0022197905116388235
A,764,LYS,0.4970292174257338,236,0.002106056006041245
A,765,ASP,0.9209764255210757,193,0.004771898577829408
A,766,SER,0.28340878896415234,155,0.0018284437997687247
A,767,PRO,1.105638233362697,159,0.006953699580897466
A,768,TRP,0.6264411751180887,285,0.0021980392109406622
A,769,LYS,0.4269968788139522,236,0.0018093088085336959
A,770,GLN,0.6298241056501865,225,0.0027992182473341623
A,771,ASN,0.5112117445096374,195,0.002621598689793012
A,772,VAL,0.2688449742272496,174,0.0015450860587772966
A,773,SER,0.22462770342826843,155,0.0014492109898597964
A,774,LEU,1.1661273995414376,201,0.0058016288534399885
A,775,SER,0.40807671449147165,155,0.002632752996719172
A,776,ILE,0.15916519972961396,197,0.0008079451762924567
A,777,LEU,0.9444452133029699,201,0.004698732404492388
A,778,LYS,0.48782773967832327,236,0.002067066693552217
A,779,SER,0.26305159472394735,155,0.0016971070627351441
A,780,HIS,0.808771023992449,224,0.003610584928537719
A,781,GLU,0.8781164237298071,223,0.003937741810447566
A,782,ASN,1.1358110550791025,195,0.005824672077328731
A,783,GLY,0.24656526965554804,104,0.0023708199005341157
A,784,PHE,0.9069791594520211,240,0.003779079831050088
A,785,MET,0.20249646168667823,224,0.0009040020611012421
A,786,GLU,0.6538508217781782,223,0.0029320664653729963
A,787,ASP,0.5030419044196606,193,0.0026064347379257022
A,788,LEU,0.27157451456878334,201,0.0013511169879043947
A,789,ASP,0.4416436618193984,193,0.0022883091285979193
A,790,LYS,0.656892298720777,236,0.002783441943732106
A,791,THR,0.8920451467856765,172,0.00518630899293998
A,792,TRP,0.622045885771513,285,0.0021826171430579405
A,793,VAL,0.5719213200500235,174,0.003286904138218526
A,794,ARG,0.6878957943990827,274,0.002510568592697382
A,795,TYR,0.8367674378678203,263,0.0031816252390411415
A,796,GLN,0.2921315961284563,225,0.0012983626494598058
A,797,GLU,0.6069055600091815,223,0.0027215495964537286
A,798,CYS,0.6849843063391745,167,0.00410170243316871
A,799,ASP,1.2338523380458355,193,0.006393017295574277
A,807,THR,1.6160226501524448,172,0.009395480524142122
A,808,LEU,0.9360911594703794,201,0.004657169947613828
A,809,THR,0.7627878359053284,172,0.004434812999449584
A,810,PHE,1.612616754253395,240,0.006719236476055812
A,811,GLU,0.5153702944517136,223,0.002311077553595128
A,812,ASN,0.6184210740029812,195,0.0031713901230922114
A,813,MET,0.32524067896883935,224,0.0014519673168251757
A,814,ALA,0.42276463308371603,129,0.003277245217703225
A,815,GLY,0.2339061755919829,104,0.002249097842230605
A,816,VAL,0.8332833568565547,174,0.0047889848095204295
A,817,PHE,1.3777833565836772,240,0.005740763985765322
A,818,MET,0.6307635074481368,224,0.0028159085153934677
A,819,LEU,1.2818211894482374,201,0.006377219848001181
A,820,VAL,0.9586895033717155,174,0.005509709789492618
A,821,ALA,0.6833152398467064,129,0.005297017363152762
A,822,GLY,0.49264467786997557,104,0.004736968056442073
A,823,GLY,0.3889541691169143,104,0.0037399439338164833
A,824,ILE,0.5273719308897853,197,0.0026770148776131234
A,825,VAL,0.5650286767631769,174,0.0032472912457653844
A,826,ALA,0.6406605318188667,129,0.004966360711774161
A,827,GLY,0.40813993755728006,104,0.003924422476512308
A,828,ILE,0.932138086296618,197,0.004731665412673188
A,829,PHE,0.5529402941465378,240,0.0023039178922772408
A,830,LEU,0.6009771702811122,201,0.002989936170552797
A,831,ILE,0.4667033050209284,197,0.0023690523097509054
A,832,PHE,1.3620833288878202,240,0.005675347203699251
A,833,ILE,0.6052492149174213,197,0.003072331040189956
A,834,GLU,0.5830734055489302,223,0.0026146789486499113
A,835,ILE,1.1068134540691972,197,0.005618342406442625
A,836,ALA,0.588415474165231,129,0.004561360264846752
A,837,TYR,1.7100723593030125,263,0.006502176271114116
A,838,LYS,0.6838266719132662,236,0.0028975706437002805
A,839,ARG,0.8893067995086312,274,0.0032456452536811357
A,840,HIS,0.9072744199074805,224,0.004050332231729824
A,841,LYS,1.0440515875816345,236,0.004423947405006926
C,25,LYS,1.290789645165205,236,0.005469447649005106
C,26,ILE,1.0529133323580027,197,0.005344737727705598
C,27,VAL,0.5019637295044959,174,0.0028848490201407806
C,28,ASN,0.5277571752667427,195,0.002706447052649963
C,29,ILE,0.28811830654740334,197,0.0014625294748599155
C,30,GLY,0.11893022619187832,104,0.0011435598672295993
C,31,ALA,0.25503590144217014,129,0.0019770224917997686
C,32,VAL,0.27136947261169553,174,0.0015595946701821581
C,33,LEU,0.29058555653318763,201,0.0014456992862347643
C,34,SER,0.3123919595964253,155,0.002015431997396292
C,35,THR,0.8131300881505013,172,0.004727500512502914
C,36,ARG,0.8348079724237323,274,0.0030467444249041324
C,37,LYS,0.7459237826988101,236,0.0031606939944864836
C,38,HIS,0.2951420620083809,224,0.0013175984911088432
C,39,GLU,0.3473463384434581,223,0.0015576068988495879
C,40,GLN,0.6147915152832866,225,0.002732406734592385
C,41,MET,0.2481504613533616,224,0.0011078145596132214
C,42,PHE,0.23566674254834652,240,0.0009819447606181106
C,43,ARG,0.5691021089442074,274,0.0020770149961467426
C,44,GLU,0.5957299722358584,223,0.0026714348530755983
C,45,ALA,0.16930233966559172,129,0.0013124212377177652
C,46,VAL,0.35348285734653473,174,0.002031510674405372
C,47,ASN,0.489212432410568,195,0.0025087817046695795
C,48,GLN,0.6423412570729852,225,0.0028548500314354896
C,49,ALA,0.39956019213423133,129,0.0030973658304979173
C,50,ASN,0.9426810839213431,195,0.0048342619688274005
C,51,LYS,0.8664234131574631,236,0.003671285648972301
C,52,ARG,1.1955124959349632,274,0.004363184291733442
C,58,ILE,1.6016226212959737,197,0.008130064067492252
C,59,GLN,0.5144935688003898,225,0.002286638083557288
C,60,LEU,0.35388776008039713,201,0.0017606356222905329
C,61,ASN,0.7508949898183346,195,0.003850743537529921
C,62,ALA,0.5962115954607725,129,0.0046217953136494
C,63,THR,0.1731523983180523,172,0.0010066999902212342
C,64,SER,1.1191191002726555,155,0.0072201232275655195
C,65,VAL,0.13711613044142723,174,0.000788023738169122
C,66,THR,0.5708280084654689,172,0.0033187674910783076
C,67,HIS,0.6409765124553815,224,0.0028615022877472385
C,68,LYS,0.4213973907753825,236,0.0017855821643024683
C,69,PRO,1.4525643400847912,159,0.009135624780407492
C,70,ASN,0.48108061123639345,195,0.0024670800576225304
C,71,ALA,0.5022219195961952,129,0.003893193175164304
C,72,ILE,0.8047600109130144,197,0.004085076197527992
C,73,GLN,0.5177577137947083,225,0.0023011453946431477
C,74,MET,0.07296087592840195,224,0.00032571819610893726
C,75,ALA,0.15736646484583616,129,0.0012198950763243114
C,76,LEU,0.5935855433344841,201,0.002953161907136737
C,77,SER,0.40745917800813913,155,0.002628768890375091
C,78,VAL,0.21994280721992254,174,0.0012640391219535779
C,79,CYS,0.49741009064018726,167,0.0029785035367675882
C,80,GLU,0.4466008743038401,223,0.0020026945036046642
C,81,ASP,0.30929226998705417,193,0.0016025506216945811
C,82,LEU,0.3402614574879408,201,0.0016928430720793074
C,83,ILE,0.12586464453488588,197,0.0006389068250501821
C,84,SER,0.8577718706801534,155,0.005534012068904215
C,85,SER,0.420266717672348,155,0.0027113981785312777
C,86,GLN,0.43337946897372603,225,0.0019261309732165601
C,87,VAL,0.4070931065361947,174,0.0023396155548057167
C,88,TYR,0.4000682085752487,263,0.0015211718957233791
C,89,ALA,0.4885146878659725,129,0.0037869355648525002
C,90,ILE,0.4157479261048138,197,0.0021103955639838264
C,91,LEU,0.24459028337150812,201,0.0012168670814502892
C,92,VAL,0.14340585470199585,174,0.0008241715787471026
C,93,SER,0.3701112293638289,155,0.0023878143829924444
C,94,HIS,0.9568525686627254,224,0.004271663252958595
C,95,PRO,0.39073979621753097,159,0.002457482995078811
C,96,PRO,1.320121186086908,159,0.00830264896910005
C,97,THR,0.36530500871594995,172,0.0021238663297438952
C,98,PRO,1.36068472370971,159,0.008557765557922705
C,99,ASN,0.8204356525093317,195,0.004207362320560675
C,100,ASP,0.5825509154237807,193,0.003018398525511817
C,101,HIS,0.6494801719672978,224,0.0028994650534254368
C,102,PHE,0.6176318936049938,240,0.002573466223354141
C,103,THR,0.4890107987448573,172,0.0028430860392142866
C,104,PRO,0.12427603057585657,159,0.0007816102551940665
C,105,THR,0.6219109103549272,172,0.003615761106714693
C,106,PRO,0.20364984136540443,159,0.0012808166123610342
C,107,VAL,0.27431817539036274,174,0.0015765412378756479
C,108,SER,0.032980466494336724,155,0.0002127772031892692
C,109,TYR,0.5563931409269571,263,0.002115563273486529
C,110,THR,0.4696435173973441,172,0.0027304855662636284
C,111,ALA,0.16244876803830266,129,0.0012592927754907183
C,112,GLY,0.3040093379095197,104,0.0029231667106684586
C,113,PHE,1.5086065009236336,240,0.00628586042051514
C,114,TYR,0.6955737282987684,263,0.002644767027751971
C,115,ARG,0.2785238102078438,274,0.0010165102562330066
C,116,ILE,0.29375474341213703,197,0.0014911408295032336
C,117,PRO,0.14350313821341842,159,0.0009025354604617511
C,118,VAL,0.1305888167116791,174,0.0007505104408717189
C,119,LEU,0.37058607290964574,201,0.0018437118055206255
C,120,GLY,0.01450934074819088,104,0.0001395128918095277
C,121,LEU,0.2880696568172425,201,0.001433182372225087
C,122,THR,0.12483171187341213,172,0.0007257657667058845
C,123,THR,0.08576809987425804,172,0.0004986517434549886
C,124,ARG,0.2616253085434437,274,0.00095483689249432
C,125,MET,0.37602445110678673,224,0.001678680585298155
C,126,SER,0.05347643047571182,155,0.0003450092288755601
C,127,ILE,0.482574284193106,197,0.0024496156558025685
C,128,TYR,0.2284388238331303,263,0.0008685886837761608
C,129,SER,0.38119174912571907,155,0.0024593016072627038
C,130,ASP,0.47079369460698217,193,0.0024393455679118247
C,131,LYS,0.8313244787277654,236,0.003522561350541379
C,132,SER,0.7552088336087763,155,0.004872315055540493
C,133,ILE,1.3380373492836952,197,0.006792067762861397
C,134,HIS,0.2953636293532327,224,0.0013185876310412173
C,135,LEU,0.9078604150563478,201,0.004516718482867403
C,136,SER,0.12195249972864985,155,0.0007867903208299991
C,137,PHE,0.11115135124418885,240,0.0004631306301841202
C,138,LEU,0.22261918662115932,201,0.0011075581423938274
C,139,ARG,0.040216995403170586,274,0.00014677735548602403
C,140,THR,0.3281756935175508,172,0.0019079982181252955
C,141,VAL,0.2615109464386478,174,0.0015029364737853322
C,142,PRO,0.47960980236530304,159,0.0030164138513541073
C,143,PRO,0.015785927418619394,159,9.928256238125405e-05
C,144,TYR,0.9874440309358761,263,0.0037545400415812777
C,145,SER,0.0929761677980423,155,0.0005998462438583374
C,146,HIS,0.6687512379139662,224,0.002985496597830206
C,147,GLN,0.4647271645953879,225,0.0020654540648683906
C,148,SER,0.06950072012841702,155,0.0004483917427639807
C,149,SER,0.5961298878537491,155,0.0038459992764758007
C,150,VAL,0.22857118537649512,174,0.0013136275021637652
C,151,TRP,0.3090405804105103,285,0.0010843529137210888
C,152,PHE,0.8590353416511789,240,0.003579313923546579
C,153,GLU,0.26680777594447136,223,0.0011964474257599611
C,154,MET,0.2892690274165943,224,0.0012913795866812247
C,155,MET,0.22560670250095427,224,0.0010071727790221172
C,156,ARG,0.6833460936322808,274,0.0024939638453732875
C,157,VAL,1.0701134223490953,174,0.006150077139937329
C,158,TYR,0.8138433676213026,263,0.003094461473845257
C,159,SER,0.9339310433715582,155,0.006025361570139085
C,160,TRP,0.477383422665298,285,0.0016750295532115718
C,161,ASN,0.5065471548587084,195,0.0025976777172241456
C,162,HIS,0.4272628501057625,224,0.0019074234379721539
C,163,ILE,0.4504288528114557,197,0.0022864408772155114
C,164,ILE,0.12076282768975943,197,0.000613009277612992
C,165,LEU,0.34450947772711515,201,0.0017139775011299262
C,166,LEU,0.4778590447967872,201,0.002377408183068593
C,167,VAL,0.1347047984600067,174,0.0007741655083908431
C,168,SER,0.3101404511835426,155,0.002000906136668017
C,169,ASP,0.6152670122683048,193,0.003187911980664792
C,170,ASP,0.532726438716054,193,0.002760240615109088
C,171,HIS,0.6428662203252316,224,0.002869938483594784
C,172,GLU,0.2832257957197726,223,0.0012700708328240923
C,173,GLY,0.12593555636703968,104,0.0012109188112215353
C,174,ARG,0.5255491426214576,274,0.001918062564311889
C,175,ALA,0.20267545618116856,129,0.0015711275672958803
C,176,ALA,0.1486654095351696,129,0.0011524450351563535
C,177,GLN,0.22486020834185183,225,0.0009993787037415637
C,178,LYS,0.5384523430839181,236,0.002281577724931856
C,179,ARG,0.3068439851049334,274,0.0011198685587771292
C,180,LEU,0.26276889257133007,201,0.001307307923240448
C,181,GLU,0.5578772006556392,223,0.0025016914827607137
C,182,THR,0.9334414629265666,172,0.0054269852495730615
C,183,LEU,0.6903887307271361,201,0.0034347698046126177
C,184,LEU,0.49828122556209564,201,0.0024790110724482372
C,185,GLU,0.5619663745164871,223,0.002520028585275727
C,186,GLU,1.4071158915758133,223,0.006309936733523826
C,189,SER,0.9089156687259674,155,0.005863972056296564
C,190,LYS,0.7543736528605223,236,0.0031964985290700095
C,191,ALA,0.38827716186642647,129,0.003009900479584701
C,192,GLU,0.508072417229414,223,0.0022783516467686725
C,193,LYS,0.3526937700808048,236,0.0014944651274610373
C,194,VAL,0.93749034171924,174,0.0053878755271220685
C,195,LEU,0.5079568354412913,201,0.0025271484350313004
C,196,GLN,0.6586627656361088,225,0.002927390069493817
C,197,PHE,0.6402238433947787,240,0.0026675993474782446
C,198,ASP,0.39199221204034984,193,0.002031047730779015
C,199,PRO,0.9001001995056868,159,0.005661007544060923
C,200,GLY,0.8264236627146602,104,0.007946381372256348
C,201,THR,0.4433250091969967,172,0.002577470983703469
C,202,LYS,0.8046827788930386,236,0.003409672791919655
C,203,ASN,0.853496216237545,195,0.004376903673013051
C,204,VAL,0.3165396167896688,174,0.0018191931999406252
C,205,THR,0.854586249217391,172,0.004968524704752273
C,206,ALA,0.7977823307737708,129,0.006184359153285045
C,207,LEU,0.36920126900076866,201,0.00183682223383467
C,208,LEU,0.24737298302352428,201,0.0012307113583259915
C,209,MET,0.6046569305472076,224,0.0026993612970857483
C,210,GLU,0.5762305306270719,223,0.0025839934108837304
C,211,ALA,0.2498090078588575,129,0.0019365039368903682
C,212,LYS,0.6951772035099566,236,0.0029456661165676128
C,213,GLU,0.8729127869009972,223,0.00391440711614797
C,214,LEU,0.7902333699166775,201,0.003931509303068047
C,215,GLU,0.25910844118334353,223,0.0011619212609118544
C,216,ALA,0.23760951403528452,129,0.001841934217327787
C,217,ARG,0.07749444164801389,274,0.00028282642937231344
C,218,VAL,0.005031784530729055,174,2.8918301900741697e-05
C,219,ILE,0.35697301966138184,197,0.0018120457850831564
C,220,ILE,0.12831050250679255,197,0.000651322347750216
C,221,LEU,0.06667114677838981,201,0.00033169724765368065
C,222,SER,0.26067366485949606,155,0.0016817655797386841
C,223,ALA,0.29633184615522623,129,0.00229714609422656
C,224,SER,0.775754764676094,155,0.005004869449523187
C,225,GLU,0.34048490691930056,223,0.001526838147620182
C,226,ASP,0.7100108321756124,193,0.0036788126019461783
C,227,ASP,0.4169030664488673,193,0.0021601195152791052
C,228,ALA,0.02012713812291622,129,0.00015602432653423427
C,229,ALA,0.24455300252884626,129,0.00189575970952594
C,230,THR,0.4435835690237582,172,0.002578974238510222
C,231,VAL,0.25690911163110286,174,0.0014764891473051888
C,232,TYR,0.05736543016973883,263,0.00021811950634881684
C,233,ARG,0.5228914078325033,274,0.0019083628023084064
C,234,ALA,0.1212795665487647,129,0.0009401516786725946
C,235,ALA,0.15629293117672205,129,0.0012115731098970703
C,236,ALA,0.6018996890634298,129,0.004665889062507208
C,237,MET,0.8824098585173488,224,0.003939329725523878
C,238,LEU,0.8341179927811027,201,0.004149840760104989
C,239,ASN,0.6347181349992752,195,0.003254964794868078
C,240,MET,0.4381648702546954,224,0.00195609317077989
C,241,THR,0.30950018914882094,172,0.0017994197043536102
C,242,GLY,0.3215992860496044,104,0.0030923008274000427
C,243,SER,0.7948364093899727,155,0.0051279768347740175
C,244,GLY,0.5477913022041321,104,0.005267224059655116
C,245,TYR,0.22658184077590704,263,0.000861527911695464
C,246,VAL,0.22852067032363266,174,0.0013133371857680038
C,247,TRP,0.21087213896680623,285,0.0007399022419887938
C,248,LEU,0.07870628917589784,201,0.00039157357798954147
C,249,VAL,0.021385083673521876,174,0.00012290277973288434
C,250,GLY,0.01383740734308958,104,0.00013305199368355365
C,251,GLU,0.2798187187872827,223,0.001254792460929519
C,252,ARG,0.23564169742166996,274,0.0008600061949695984
C,253,GLU,0.009235562640242279,223,4.1415079104225465e-05
C,254,ILE,0.7468844754621387,197,0.003791291753614917
C,255,SER,0.39351753145456314,155,0.002538822783577827
C,256,GLY,0.7217564769089222,104,0.006939966124124252
C,257,ASN,0.6585697773844004,195,0.0033772809096635917
C,258,ALA,0.005814565229229629,129,4.507414906379558e-05
C,259,LEU,0.7863436099141836,201,0.003912157263254645
C,260,ARG,0.7829256731783971,274,0.002857392967804369
C,261,TYR,1.5544794322922826,263,0.0059105681836208466
C,262,ALA,0.184619834064506,129,0.0014311615043760154
C,263,PRO,0.26920046913437545,159,0.0016930847115369525
C,264,ASP,0.5077633758774027,193,0.0026308983206083042
C,265,GLY,0.09379269648343325,104,0.0009018528508022428
C,266,ILE,0.11261490837205201,197,0.0005716492810764062
C,267,LEU,0.3600802010623738,201,0.0017914437863799692
C,268,GLY,0.038045999594032764,104,0.00036582691917339194
C,269,LEU,0.05738407128956169,201,0.0002854928919878691
C,270,GLN,0.42853852279949933,225,0.0019046156568866637
C,271,LEU,0.5647111088037491,201,0.0028095080039987515
C,272,ILE,1.011098033748567,197,0.00513247732867293
C,273,ASN,0.2822860758751631,195,0.0014476209019239133
C,274,GLY,0.27822898980230093,104,0.0026752787480990472
C,275,LYS,1.0593803422525525,236,0.004488899755307426
C,276,ASN,0.5505752880126238,195,0.0028234630154493527
C,277,GLU,0.45284632220864296,223,0.0020307009964513137
C,278,SER,0.9049723795615137,155,0.005838531481042024
C,279,ALA,0.2872691140510142,129,0.0022268923569846062
C,280,HIS,0.11872032156679779,224,0.0005300014355660616
C,281,ILE,0.3144909447291866,197,0.0015964007346659218
C,282,SER,0.7416147479088977,155,0.004784611276831598
C,283,ASP,0.26184769079554826,193,0.0013567237865054313
C,284,ALA,0.12938932701945305,129,0.0010030180389104888
C,285,VAL,0.4905617218464613,174,0.002819320240496904
C,286,GLY,0.3722995580174029,104,0.003579803442475028
C,287,VAL,0.2113349512219429,174,0.0012145686851835799
C,288,VAL,0.42496939469128847,174,0.002442352843053382
C,289,ALA,0.48359550442546606,129,0.0037488023598873338
C,290,GLN,0.4897291613742709,225,0.002176574050552315
C,291,ALA,0.0075476765632629395,129,5.850912064544914e-05
C,292,VAL,0.8364969145040959,174,0.004807453531632735
C,293,HIS,0.6770254876464605,224,0.0030224352127074133
C,294,GLU,0.6125103523954749,223,0.0027466831945985423
C,295,LEU,0.2930268896743655,201,0.001457845222260525
C,296,LEU,0.7727958238683641,201,0.003844755342628677
C,297,GLU,0.9101077420637012,223,0.004081200637056956
C,298,LYS,0.5987183693796396,236,0.002536942243134066
C,299,GLU,1.070144385099411,223,0.004798853744840408
C,300,ASN,0.6258037546649575,195,0.003209250023922859
C,301,ILE,0.8096591094508767,197,0.004109944718024755
C,302,THR,0.687102300580591,172,0.003994780817329017
C,303,ASP,0.8573273373767734,193,0.004442110556356339
C,304,PRO,0.35218035243451595,159,0.0022149707700284023
C,305,PRO,0.52056347229518,159,0.0032739841024854084
C,306,ARG,0.7173258475959301,274,0.002617977545970548
C,307,GLY,0.34589169546961784,104,0.0033258816872078637
C,308,CYS,0.6872165116947144,167,0.004115068932303679
C,309,VAL,1.1497609373182058,174,0.006607821478840263
C,310,GLY,0.4926765142008662,104,0.004737274175008329
C,311,ASN,0.40173720323946327,195,0.0020601907858434016
C,312,THR,1.3056978590320796,172,0.007591266622279533
C,313,ASN,0.581335874274373,195,0.0029812096116634515
C,314,ILE,1.468854078091681,197,0.007456112071531375
C,315,TRP,0.7016676375642419,285,0.002461991710751726
C,316,LYS,0.8129126573912799,236,0.003444545158437627
C,317,THR,0.29054827673826367,172,0.0016892341670829284
C,318,GLY,0.019843452842906117,104,0.00019080243118178958
C,319,PRO,1.004232672508806,159,0.006315928757917018
C,320,LEU,0.611491059884429,201,0.0030422440790270097
C,321,PHE,0.6045738841639832,240,0.0025190578506832633
C,322,LYS,0.28290738724172115,236,0.0011987601154310218
C,323,ARG,0.5802924586459994,274,0.002117855688489049
C,324,VAL,0.2522434005513787,174,0.0014496747158125214
C,325,LEU,0.04151222214568406,201,0.00020652846838648786
C,326,MET,0.37054690928198397,224,0.0016542272735802857
C,327,SER,0.9345366014167666,155,0.0060292683962372045
C,328,SER,0.2571624582633376,155,0.0016591126339570168
C,329,LYS,0.7858121482422575,236,0.0033297124925519388
C,330,TYR,0.3835769211873412,263,0.0014584673809404608
C,331,ALA,0.9168994873762131,129,0.0071077479641566904
C,332,ASP,0.906816441565752,193,0.004698530785314777
C,333,GLY,0.44760753214359283,104,0.004303918578303778
C,334,VAL,0.6262534348061308,174,0.0035991576712996022
C,335,THR,0.40064441435970366,172,0.0023293279904633936
C,336,GLY,0.2697287779301405,104,0.0025935459416359663
C,337,ARG,0.6857382357120514,274,0.0025026942909198956
C,338,VAL,0.3073084717616439,174,0.0017661406423082982
C,339,GLU,0.5046057008439675,223,0.00226280583338102
C,340,PHE,0.42775429238099605,240,0.0017823095515874835
C,341,ASN,0.6214411520631984,195,0.0031868777028881967
C,342,GLU,1.1740360613912344,223,0.005264735701305984
C,343,ASP,0.8090584427118301,193,0.00419201265653798
C,344,GLY,0.05900555569678545,104,0.0005673611124690908
C,345,ASP,0.17285007052123547,193,0.0008955962203172822
C,346,ARG,0.16097870469093323,274,0.0005875135207698293
C,347,LYS,0.6203992714872584,236,0.002628810472403637
C,348,PHE,0.30080132978037,240,0.001253338874084875
C,349,ALA,0.46201461704913527,129,0.003581508659295622
C,350,ASN,0.6578598925843835,195,0.00337364047479171
C,351,TYR,0.1466353730065748,263,0.0005575489467930601
C,352,SER,0.23689348134212196,155,0.0015283450409169159
C,353,ILE,0.14003890892490745,197,0.0007108574057101901
C,354,MET,0.24901740439236164,224,0.0011116848410373287
C,355,ASN,0.1748323393985629,195,0.0008965760994798098
C,356,LEU,0.17662037757690996,201,0.0008787083461537808
C,357,GLN,0.39212095364928246,225,0.001742759793996811
C,358,ASN,0.9815077781677246,195,0.005033373221372947
C,359,ARG,0.9935930874198675,274,0.0036262521438681296
C,360,LYS,0.43650729581713676,236,0.0018496071856658337
C,361,LEU,0.8701814389787614,201,0.0043292608904415995
C,362,VAL,0.7157713709166273,174,0.004113628568486364
C,363,GLN,0.7566829423885792,225,0.0033630352995047967
C,364,VAL,0.08805622905492783,174,0.0005060702819248725
C,365,GLY,0.16431919019669294,104,0.00157999221342974
C,366,ILE,0.36861263040918857,197,0.001871130103599942
C,367,TYR,0.12411113956477493,263,0.00047190547363032295
C,368,ASN,0.5761398673057556,195,0.002954563422080798
C,369,GLY,0.4441670314408839,104,0.00427083684077773
C,370,THR,0.780591128859669,172,0.004538320516625983
C,371,HIS,0.5836237967014313,224,0.0026054633781313896
C,372,VAL,0.8301021931692958,174,0.004770702259593654
C,373,ILE,0.6434828378260136,197,0.0032664103442944853
C,374,PRO,0.7258481518365443,159,0.004565082715953108
C,375,ASN,1.0312012806534767,195,0.005288211695658855
C,376,ASP,0.7817492531612515,193,0.004050514265084205
C,377,ARG,0.5348103120923042,274,0.0019518624528916213
C,378,LYS,0.9287776686251163,236,0.003935498595869137
C,379,ILE,0.6039806766202673,197,0.003065891759493743
C,380,ILE,0.7373999544652179,197,0.0037431469769808015
C,381,TRP,0.1786938551813364,285,0.0006269959830924085
C,382,PRO,0.3056031474843621,159,0.001922032374115485
C,383,GLY,0.515375823713839,104,0.004955536766479222
C,384,GLY,0.5750613808631897,104,0.005529436354453747
C,385,GLU,0.5394913349300623,223,0.0024192436543948983
C,386,THR,0.833021487458609,172,0.00484314818289889
C,387,GLU,0.7416074611246586,223,0.0033255939960747023
C,388,LYS,0.55651597189717,236,0.002358118524988008
C,389,PRO,0.35807047598063946,159,0.0022520155722052797
C,390,ARG,0.6537303384393454,274,0.0023858771475888515
C,391,GLY,0.054564171470701694,104,0.0005246554949105933
C,392,TYR,0.682668661698699,263,0.0025956983334551294
C,393,GLN,0.48433924722485244,225,0.0021526188765548997
C,394,MET,0.9938416685909033,224,0.004436793163352247
C,395,SER,0.51339440792799,155,0.0033122219866321932
C,396,THR,0.599372734548524,172,0.0034847252008635117
C,397,ARG,1.6864015441387892,274,0.006154750161090471
C,398,LEU,0.20756111294031143,201,0.0010326423529368727
C,399,LYS,0.2257113482337445,236,0.0009564040179395953
C,400,ILE,0.005031784530729055,197,2.5542053455477438e-05
C,401,VAL,0.03144865296781063,174,0.0001807393848724749
C,402,THR,0.09597351658158004,172,0.0005579855615208142
C,403,ILE,0.1698227277956903,197,0.0008620443035314228
C,404,HIS,0.5199893623357639,224,0.0023213810818560887
C,405,GLN,0.19120781868696213,225,0.0008498125274976094
C,406,GLU,0.5258640249958262,223,0.0023581346412368887
C,407,PRO,0.3852697944967076,159,0.0024230804685327523
C,408,PHE,0.22517235949635506,240,0.0009382181645681461
C,409,VAL,0.09057212248444557,174,0.0005205294395657791
C,410,TYR,1.079897382762283,263,0.0041060736987159055
C,411,VAL,0.9659192636609077,174,0.005551260135982229
C,412,LYS,0.26165279746055603,236,0.00110869829432439
C,413,PRO,1.0833508933428675,159,0.006813527631087217
C,414,THR,0.4019932341761887,172,0.002337169966140632
C,415,LEU,0.5910677844658494,201,0.002940635743611191
C,416,SER,1.1516226707026362,155,0.007429823681952492
C,417,ASP,0.948043754324317,193,0.004912143804789207
C,418,GLY,0.4996673325076699,104,0.004804493581804519
C,419,THR,0.6927254954352975,172,0.004027473810670334
C,420,CYS,0.5019039614126086,167,0.003005412942590471
C,421,LYS,1.0310985296964645,236,0.004369061566510443
C,422,GLU,0.4204338093986735,223,0.0018853534053752173
C,423,GLU,0.8443174138665199,223,0.0037861767437960534
C,424,PHE,0.7634724453091621,240,0.0031811351887881755
C,425,THR,0.8103232309222221,172,0.004711181575129199
C,426,VAL,1.12355075776577,174,0.006457188263021666
C,427,ASN,1.0210923366248608,195,0.005236370957050568
C,428,GLY,0.30471072625368834,104,0.0029299108293623878
C,429,ASP,0.8955561916809529,193,0.0046401875216629685
C,430,PRO,0.6463833277812228,159,0.004065303948309577
C,431,VAL,0.944172085612081,174,0.005426276354092419
C,432,LYS,0.7545216903090477,236,0.00319712580639427
C,433,LYS,0.21708077506627887,236,0.000919833792653724
C,434,VAL,0.30246725562028587,174,0.0017383175610361256
C,435,ILE,0.789761888794601,197,0.004008943597942137
C,436,CYS,0.03961977758444846,167,0.00023724417715238598
C,437,THR,0.4563186354935169,172,0.0026530153226367263
C,438,GLY,0.04611847805790603,104,0.00044344690440294263
C,439,PRO,0.33089883672073483,159,0.0020811247592499044
C,440,ASN,0.7334207396488637,195,0.003761131998199301
C,441,ASP,0.5869348254054785,193,0.0030411130850024793
C,442,THR,0.6308140377514064,172,0.0036675234752988747
C,443,SER,0.45615825382992625,155,0.002942956476322105
C,444,PRO,0.9023996982723475,159,0.0056754698004550155
C,445,GLY,0.813886571675539,104,0.007825832419957105
C,446,SER,0.5602942780824378,155,0.003614801794080244
C,447,PRO,1.3011438809335232,159,0.00818329484863851
C,448,ARG,0.5518857017159462,274,0.0020141813931238914
C,449,HIS,0.728294043452479,224,0.003251312693984281
C,450,THR,0.741181580349803,172,0.004309195234591878
C,451,VAL,0.661395960720256,174,0.003801126211035954
C,452,PRO,0.6993994228541851,159,0.004398738508516888
C,453,GLN,0.15544100070837885,225,0.0006908488920372393
C,454,CYS,0.12808488181326538,167,0.0007669753401991939
C,455,CYS,0.12802037224173546,167,0.0007665890553397333
C,456,TYR,0.9019596111029387,263,0.0034295042247260024
C,457,GLY,0.032650676323100924,104,0.00031394881079904735
C,458,PHE,0.2025293264305219,240,0.000843872193460508
C,459,CYS,0.07909771404229105,167,0.00047363900624126373
C,460,ILE,0.22078151674941182,197,0.00112071835913407
C,461,ASP,0.19214919779915363,193,0.0009955916984412106
C,462,LEU,0.025017079897224903,201,0.00012446308406579553
C,463,LEU,0.057865521870553493,201,0.0002878881685102164
C,464,ILE,0.6554944920353591,197,0.0033273832083013156
C,465,LYS,0.28532059700228274,236,0.001208985580518147
C,466,LEU,0.1295684538781643,201,0.0006446191735232054
C,467,ALA,0.1412222906947136,129,0.001094746439493904
C,468,ARG,0.801729473285377,274,0.0029260199754940768
C,469,THR,0.9132697684690356,172,0.005309707956215323
C,470,MET,0.2518956351559609,224,0.0011245340855176827
C,471,ASN,0.8387072496116161,195,0.004301062818521108
C,472,PHE,0.28140392317436635,240,0.0011725163465598598
C,473,THR,0.7098565185442567,172,0.004127072782234051
C,474,TYR,0.7185025187209249,263,0.002731948740383745
C,475,GLU,0.2928177665453404,223,0.0013130841549118405
C,476,VAL,0.19479887280613184,174,0.0011195337517593783
C,477,HIS,0.44995464384555817,224,0.0020087260885962416
C,478,LEU,0.2995743751525879,201,0.0014904197768785467
C,479,VAL,0.3008253733860329,174,0.0017288814562415682
C,480,ALA,0.5845176032744348,129,0.004531144211429727
C,481,ASP,0.8195198215544224,193,0.0042462166919918255
C,482,GLY,0.15187187492847443,104,0.0014603064896968694
C,483,LYS,0.1469421109650284,236,0.0006226360634111373
C,484,PHE,0.36103054019622505,240,0.001504293917484271
C,485,GLY,0.0011161031434312463,104,1.0731760994531214e-05
C,486,THR,0.24020450562238693,172,0.0013965378233859705
C,487,GLN,0.6306580791715533,225,0.0028029247963180146
C,488,GLU,0.46938892267644405,223,0.0021048830613293453
C,489,ARG,1.50422041118145,274,0.005489855515260766
C,496,LYS,1.4352926686406136,236,0.006081748595934803
C,497,GLU,0.5886255814693868,223,0.00263957659851743
C,498,TRP,0.45361181418411434,285,0.0015916204006460152
C,499,ASN,0.5252805463969707,195,0.002693746391779337
C,500,GLY,0.20494665950536728,104,0.001970640956782378
C,501,MET,0.03376677888445556,224,0.00015074454859131947
C,502,MET,0.07835451699793339,224,0.0003497969508836312
C,503,GLY,0.13824358955025673,104,0.001329265284137084
C,504,GLU,0.07039622496813536,223,0.00031567813887056214
C,505,LEU,0.19799817982129753,201,0.0009850655712502364
C,506,LEU,0.7704880693927407,201,0.0038332739770783122
C,507,SER,0.7441527284681797,155,0.0048009853449559985
C,508,GLY,0.5375766661018133,104,0.005169006404825128
C,509,GLN,1.2693187408149242,225,0.005641416625844108
C,510,ALA,0.04175862611737102,129,0.00032371027997962033
C,511,ASP,0.48464421555399895,193,0.002511109925150254
C,512,MET,0.14563806098885834,224,0.0006501699151288319
C,513,ILE,0.09294617234263569,197,0.00047180798143469895
C,514,VAL,0.11498454469256103,174,0.000660830716623914
C,515,ALA,0.0033483095467090607,129,2.5955887958984968e-05
C,516,PRO,0.09066686558071524,159,0.0005702318589982091
C,517,LEU,0.04905989998951554,201,0.00024407910442545046
C,518,THR,0.3453509300015867,172,0.0020078542441952715
C,519,ILE,0.2769288138952106,197,0.0014057300197726427
C,520,ASN,0.1911022518761456,195,0.000980011548082798
C,521,ASN,1.2858403734862804,195,0.0065940531973655405
C,522,GLU,0.23727664770558476,223,0.0010640208417290796
C,523,ARG,0.0,274,0.0
C,524,ALA,0.592810383066535,129,0.004595429326097171
C,525,GLN,0.788090503308922,225,0.0035026244591507645
C,526,TYR,1.4129848214797676,263,0.0053725658611398
C,527,ILE,0.1818348136730492,197,0.0009230193587464427
C,528,GLU,0.5354311671108007,223,0.00240103662381525
C,529,PHE,0.24987561767920852,240,0.0010411484069967022
C,530,SER,0.3499788995832205,155,0.002257928384407874
C,531,LYS,1.0047248030314222,236,0.004257308487421281
C,532,PRO,0.38610507757402956,159,0.0024283338212203118
C,533,PHE,0.1161679308861494,240,0.0004840330453589559
C,534,LYS,0.32116450497414917,236,0.0013608665465006321
C,535,TYR,1.5934783089905977,263,0.006058852885895809
C,536,GLN,0.31255465594585985,225,0.0013891318042038216
C,537,GLY,0.0760006457567215,104,0.000730775439968476
C,538,LEU,0.249073326587677,201,0.0012391707790431691
C,539,THR,0.11105022951960564,172,0.0006456408693000327
C,540,ILE,0.1723386226221919,197,0.0008748153432598574
C,541,LEU,0.02390097640454769,201,0.00011891033037088404
C,542,VAL,0.4075745455920696,174,0.0023423824459314346
C,543,LYS,0.34349065530113876,236,0.0014554688783946557
C,544,LYS,0.580699669662863,236,0.0024605918206053517
C,545,GLU,1.489237017929554,223,0.006678192905513695
C,551,LEU,1.45670185983181,201,0.0072472729344866165
C,552,ASP,0.44321416690945625,193,0.0022964464606707578
C,553,SER,0.7174621572485194,155,0.00462878811128077
C,554,PHE,1.1084636091254652,240,0.0046185983713561045
C,555,MET,0.4834040254354477,224,0.002158053684979677
C,556,GLN,0.22829697653651237,225,0.0010146532290511662
C,557,PRO,0.6338597947033122,159,0.003986539589329007
C,558,PHE,0.40831277577672154,240,0.0017013032324030065
C,559,GLN,0.4872133918106556,225,0.0021653928524918028
C,560,SER,0.8962176023051143,155,0.00578204904712977
C,561,THR,1.0207991660572588,172,0.005934878872425923
C,562,LEU,0.8329507997259498,201,0.004144033829482337
C,563,TRP,0.5102746766060591,285,0.001790437461775646
C,564,LEU,1.3027993589639664,201,0.006481588850566997
C,565,LEU,1.1476732594892383,201,0.005709817211389245
C,566,VAL,0.816599405836314,174,0.004693100033542034
C,567,GLY,0.31774163991212845,104,0.0030552080760781583
C,568,LEU,0.6020666928961873,201,0.0029953566810755586
C,569,SER,0.5668348009930924,155,0.0036569987160844667
C,570,VAL,0.526654772926122,174,0.0030267515685409307
C,571,HIS,0.5161648020148277,224,0.0023043071518519093
C,572,VAL,0.5254366532899439,174,0.0030197508809766895
C,573,VAL,0.6692200684919953,174,0.0038460923476551457
C,574,ALA,0.11418941128067672,129,0.0008851892347339281
C,575,VAL,0.683064728975296,174,0.003925659361926989
C,576,MET,0.4861645638011396,224,0.0021703775169693734
C,577,LEU,0.46232293685898185,201,0.0023001141137262778
C,578,TYR,0.8744079740718007,263,0.00332474514856198
C,579,LEU,1.1675312677398324,201,0.005808613272337474
C,580,LEU,0.8561402512714267,201,0.004259404235181227
C,581,ASP,0.8298908025026321,193,0.004299952344573223
C,582,ARG,1.141524360049516,274,0.004166147299450788
C,603,LEU,1.2866607699543238,201,0.006401297362956835
C,604,SER,0.811120861559175,155,0.005233037816510806
C,605,SER,0.6982745695859194,155,0.004504997223134964
C,606,ALA,0.2215217212215066,129,0.001717222645127958
C,607,MET,0.3912212457507849,224,0.0017465234185302897
C,608,TRP,1.9247884784126654,285,0.006753643783904089
C,609,PHE,0.6474637136561796,240,0.002697765473567415
C,610,SER,0.20448192837648094,155,0.0013192382475901996
C,611,TRP,1.9464199524372816,285,0.006829543692762391
C,612,GLY,0.21134024299681187,104,0.002032117721123191
C,613,VAL,0.4688597396016121,174,0.002694596204606966
C,614,LEU,0.4025841362308711,201,0.002002906150402344
C,615,LEU,0.7361906376900151,201,0.003662639988507538
C,616,ASN,1.3508212752640247,195,0.006927288591097563
C,617,SER,1.0606828108429909,155,0.006843114908664457
C,618,GLY,0.4882144629955292,104,0.004694369836495473
C,619,ILE,0.6218760451301932,197,0.0031567311935542805
C,620,GLY,0.8918935284018517,104,0.008575899311556267
C,621,GLU,0.8871199116110802,223,0.003978116195565382
C,622,GLY,0.37754110991954803,104,0.003630202979995654
C,623,ALA,0.5937376122456044,129,0.004602617149190732
C,624,PRO,0.8584292456507683,159,0.005398926073275272
C,625,ARG,0.6028666896745563,274,0.0022002433929728333
C,626,SER,0.9501987929688767,155,0.006130314793347591
C,627,PHE,1.0557624250650406,240,0.0043990101044376695
C,628,SER,0.7493165992200375,155,0.004834300640129274
C,629,ALA,0.35088356398046017,129,0.002720027627755505
C,630,ARG,0.5577850094996393,274,0.002035711713502333
C,631,ILE,0.5671953829005361,197,0.0028791643802057666
C,632,LEU,0.5926113054156303,201,0.002948314952316569
C,633,GLY,0.3584816511720419,104,0.0034469389535773257
C,634,MET,0.7284195180982351,224,0.0032518728486528353
C,635,VAL,1.146239411085844,174,0.006587582822332437
C,636,TRP,0.777639121748507,285,0.0027285583219245862
C,637,ALA,0.6998703889548779,129,0.005425351852363394
C,638,GLY,0.3536778464913368,104,0.0034007485239551617
C,639,PHE,1.1194045040756464,240,0.004664185433648526
C,640,ALA,0.3002652758732438,129,0.002327637797467006
C,641,MET,0.587242666631937,224,0.0026216190474640045
C,642,ILE,1.123024934437126,197,0.00570063418496003
C,643,ILE,0.7887808724772185,197,0.0040039638196813125
C,644,VAL,0.828702810453251,174,0.004762659830191098
C,645,ALA,0.5152578121051192,129,0.003994246605466041
C,646,SER,0.6140819629654288,155,0.003961819115905992
C,647,TYR,0.830413076444529,263,0.0031574641689906045
C,648,THR,0.7214232105761766,172,0.004194320991721957
C,649,ALA,0.6046809667022899,129,0.004687449354281317
C,650,ASN,0.6530536944046617,195,0.0033489933046392906
C,651,LEU,0.5505362460389733,201,0.0027389862987013598
C,652,ALA,0.46193127147853374,129,0.0035808625696010367
C,653,ALA,0.5847053602337837,129,0.004532599691734757
C,654,PHE,1.1994484020397067,240,0.004997701675165445
C,655,LEU,0.9579957230016589,201,0.004766147875630144
C,656,VAL,1.1531937681138515,174,0.006627550391458917
C,657,LEU,0.7094038482755423,201,0.00352937237948031
C,658,ASP,0.8596366671845317,193,0.004454075995774775
C,659,ARG,0.8656260296702385,274,0.0031592190863877316
C,660,PRO,1.182077889679931,159,0.007434452136351768
C,661,GLU,0.5988513603806496,223,0.0026854321093302672
C,662,GLU,0.7598706869175658,223,0.003407491869585497
C,663,ARG,0.5824144929647446,274,0.002125600339287389
C,664,ILE,0.15971393836662173,197,0.0008107306516072169
C,665,THR,0.7981477511348203,172,0.00464039390194663
C,666,GLY,0.0294814920052886,104,0.0002834758846662365
C,667,ILE,0.6716375164687634,197,0.003409327494765296
C,668,ASN,0.8376141786575317,195,0.004295457326448881
C,669,ASP,0.08261027280241251,193,0.0004280325015669042
C,670,PRO,0.96085443533957,159,0.006043109656223711
C,671,ARG,0.8635573668871075,274,0.003151669222215721
C,672,LEU,0.23457810655236244,201,0.0011670552564794151
C,673,ARG,0.555874427780509,274,0.002028738787520106
C,674,ASN,0.5517382770776749,195,0.002829427061936794
C,675,PRO,0.48910279758274555,159,0.0030761182237908527
C,676,SER,0.4996822123648599,155,0.0032237562088055474
C,677,ASP,1.0657323375344276,193,0.005521929210022941
C,678,LYS,0.8976045791059732,236,0.0038034092334998867
C,679,PHE,0.7439576073084027,240,0.003099823363785011
C,680,ILE,0.35261316725518554,197,0.0017899145545948504
C,681,TYR,0.4515467471210286,263,0.0017169077837301467
C,682,ALA,0.02549399994313717,129,0.00019762790653594706
C,683,THR,0.1496955854818225,172,0.0008703231714059447
C,684,VAL,0.10566747444681823,174,0.0006072843359012542
C,685,LYS,0.2092073051026091,236,0.0008864716317907165
C,686,GLN,0.21557774767279625,225,0.0009581233229902055
C,687,SER,0.07477890700101852,155,0.0004824445612968937
C,688,SER,0.12069962057285011,155,0.0007787072295022588
C,689,VAL,0.10440953203942627,174,0.0006000547818357831
C,690,ASP,0.21937256457749754,193,0.00113664541231864
C,691,ILE,0.3991385301342234,197,0.0020260839093107787
C,692,TYR,0.7350928550586104,263,0.0027950298671430055
C,693,PHE,0.27532971382606775,240,0.001147207140941949
C,694,ARG,0.7646302804350853,274,0.0027906214614419173
C,695,ARG,0.8138664179714397,274,0.002970315394056349
C,696,GLN,0.3559801056981087,225,0.0015821338031027053
C,697,VAL,1.1919752297690138,174,0.006850432354994333
C,698,GLU,0.8973628208041191,223,0.004024048523785287
C,699,LEU,0.6314889702480286,201,0.0031417361703882023
C,700,SER,0.5703392149880528,155,0.003679607838632599
C,701,THR,0.7305699924472719,172,0.004247499956088791
C,702,MET,0.341589679941535,224,0.001524953928310424
C,703,TYR,0.677425101515837,263,0.00257576084226554
C,704,ARG,0.7661719042807817,274,0.002796247825842269
C,705,HIS,0.6095350639661774,224,0.002721138678420435
C,706,MET,0.24427820276468992,224,0.0010905276909137943
C,707,GLU,0.3355628754943609,223,0.0015047662578222462
C,708,LYS,0.9241951815783978,236,0.003916081277874566
C,709,HIS,0.7055889609036967,224,0.0031499507183200747
C,710,ASN,0.5801401485223323,195,0.002975077684729909
C,711,TYR,0.6107239639386535,263,0.0023221443495766293
C,712,GLU,0.7327281387988478,223,0.003285776407169721
C,713,SER,0.543298379634507,155,0.003505150836351658
C,714,ALA,0.3927584118209779,129,0.0030446388513254105
C,715,ALA,0.7683752980083227,129,0.005956397658979246
C,716,GLU,0.49110238812863827,223,0.0022022528615634005
C,717,ALA,0.009496196988038719,129,7.361393013983503e-05
C,718,ILE,0.4868251457810402,197,0.0024711936334062953
C,719,GLN,0.6415211935527623,225,0.0028512053046789434
C,720,ALA,0.2653317789081484,129,0.002056835495412003
C,721,VAL,0.0075476765632629395,174,4.33774515130054e-05
C,722,ARG,1.2593230297788978,274,0.004596069451747802
C,723,ASP,0.8138240543194115,193,0.004216704944660163
C,724,ASN,0.7751866684993729,195,0.003975316248714732
C,725,LYS,0.6688845306634903,236,0.002834256485862247
C,726,LEU,0.09232287621125579,201,0.00045931779209579997
C,727,HIS,0.3912804666906595,224,0.0017467877977261586
C,728,ALA,0.23491496220231056,129,0.0018210462186225625
C,729,PHE,0.042770169442519546,240,0.00017820903934383144
C,730,ILE,0.37738383561372757,197,0.001915653987886942
C,731,TRP,0.15657541283871979,285,0.0005493874134691922
C,732,ASP,0.1597591619938612,193,0.0008277676787246694
C,733,SER,0.16112583503127098,155,0.0010395215163307805
C,734,ALA,0.2534417659044266,129,0.001964664851972299
C,735,VAL,0.2777729278896004,174,0.001596396137296554
C,736,LEU,0.047801952343434095,201,0.00023782065842504525
C,737,GLU,0.8947362997569144,223,0.004012270402497374
C,738,PHE,0.25859952718019485,240,0.0010774980299174785
C,739,GLU,0.2815448846668005,223,0.00126253311509776
C,740,ALA,0.022405447671189904,129,0.00017368564086193725
C,741,SER,0.18054741038940847,155,0.0011648220025123127
C,742,GLN,0.8026911646593362,225,0.0035675162873748277
C,743,LYS,0.38790347892791033,236,0.0016436588090165691
C,744,CYS,0.49983421224169433,167,0.0029930192349802054
C,745,ASP,0.44084124080836773,193,0.0022841515067791073
C,746,LEU,0.12591781723313034,201,0.0006264568021548773
C,747,VAL,0.5307114223251119,174,0.0030500656455466203
C,748,THR,0.6569085903465748,172,0.0038192359903870625
C,749,THR,0.24706889572553337,172,0.0014364470681717057
C,750,GLY,0.26086521707475185,104,0.0025083193949495372
C,751,GLU,0.5645553965587169,223,0.0025316385495906587
C,752,LEU,0.8392580468207598,201,0.004175413168262487
C,753,PHE,0.7627117417287081,240,0.003177965590536284
C,754,PHE,0.4012848143465817,240,0.0016720200597774237
C,755,ARG,1.685038935393095,274,0.00614977713647115
C,756,SER,0.3603723803535104,155,0.002324983099054906
C,757,GLY,0.16478009894490242,104,0.0015844240283163695
C,758,PHE,0.24506190815009177,240,0.0010210912839587157
C,759,GLY,0.037321676732972264,104,0.0003588622762785795
C,760,ILE,0.13460023736115545,197,0.0006832499358434287
C,761,GLY,0.027150890789926052,104,0.0002610662575954428
C,762,MET,0.07952109689358622,224,0.00035500489684636705
C,763,ARG,0.36984750907868147,274,0.001349808427294458
C,764,LYS,0.6852273233234882,236,0.002903505607302916
C,765,ASP,1.028885018080473,193,0.0053310104563755074
C,766,SER,0.2687143690418452,155,0.0017336410905925497
C,767,PRO,1.0143155630212277,159,0.0063793431636555206
C,768,TRP,0.867809072136879,285,0.003044944112760979
C,769,LYS,0.27965228632092476,236,0.0011849673149191726
C,770,GLN,0.5875291129341349,225,0.0026112405019294883
C,771,ASN,0.8233060948550701,195,0.0042220825377183085
C,772,VAL,0.21675497759133577,174,0.0012457182620191712
C,773,SER,0.20715830475091934,155,0.001336505191941415
C,774,LEU,1.182906238362193,201,0.005885105663493498
C,775,SER,0.1844419175758958,155,0.00118994785532836
C,776,ILE,0.048350683762691915,197,0.000245434942957827
C,777,LEU,0.8649109154939651,201,0.004303039380566991
C,778,LYS,0.5648132832720876,236,0.0023932766240342693
C,779,SER,0.1660958711290732,155,0.0010715862653488594
C,780,HIS,0.7360745475161821,224,0.003286047087125813
C,781,GLU,0.8862731610424817,223,0.003974319107813819
C,782,ASN,1.1182466300670058,195,0.005734598102907722
C,783,GLY,0.2696231344016269,104,0.0025925301384771816
C,784,PHE,0.8401892330730334,240,0.0035007884711376392
C,785,MET,0.15709168510511518,224,0.0007013021656478356
C,786,GLU,0.6484387256205082,223,0.0029077969758767182
C,787,ASP,0.5570590309798717,193,0.002886316222693636
C,788,LEU,0.23900976800359786,201,0.0011891033234009843
C,789,ASP,0.3951182961463928,193,0.002047245057753331
C,790,LYS,0.6735219871625304,236,0.0028539067252649594
C,791,THR,0.6445883569540456,172,0.0037476067264770093
C,792,TRP,1.030964014469646,285,0.0036174175946303367
C,793,VAL,0.6990038640797138,174,0.004017263586665022
C,794,ARG,0.6028536474332213,274,0.002200195793551903
C,795,TYR,0.7787254359573126,263,0.0029609332165677284
C,796,GLN,0.5311040814267471,225,0.0023604625841188763
C,797,GLU,0.86706986092031,223,0.003888205654351166
C,798,CYS,0.8131807073950768,167,0.004869345553263933
C,799,ASP,0.8603618815541267,193,0.004457833583182004
C,807,THR,1.5517452396452427,172,0.009021774649100249
C,808,LEU,1.4304488466586918,201,0.007116660928650207
C,809,THR,0.6634145365096629,172,0.0038570612587771097
C,810,PHE,0.7145222015678883,240,0.002977175839866201
C,811,GLU,0.7051303526386619,223,0.003162019518559022
C,812,ASN,0.2696992359124124,195,0.001383073004679038
C,813,MET,0.2956173326820135,224,0.0013197202351875603
C,814,ALA,0.5902495915070176,129,0.004575578228736571
C,815,GLY,0.2661542482674122,104,0.0025591754641097328
C,816,VAL,0.648958363221027,174,0.003729645765638086
C,817,PHE,1.3477344861021265,240,0.005615560358758861
C,818,MET,0.6583195356652141,224,0.00293892649850542
C,819,LEU,0.66772794816643,201,0.003322029592867811
C,820,VAL,0.8883677525445819,174,0.005105561796233229
C,821,ALA,0.5899694617837667,129,0.004573406680494316
C,822,GLY,0.41117797046899796,104,0.003953634331432672
C,823,GLY,0.44784446991980076,104,0.004306196826151931
C,824,ILE,0.5746765406802297,197,0.002917139800407257
C,825,VAL,0.5267868088558316,174,0.00302751039572317
C,826,ALA,0.6016402756795287,129,0.004663878106042858
C,827,GLY,0.3920472739264369,104,0.0037696853262157394
C,828,ILE,1.1834966858150437,197,0.00600759738992408
C,829,PHE,0.5466505642980337,240,0.0022777106845751406
C,830,LEU,0.5988406920805573,201,0.0029793069257739173
C,831,ILE,0.5016420946922153,197,0.002546406572041702
C,832,PHE,1.491096985526383,240,0.006212904106359929
C,833,ILE,0.6070558838546276,197,0.0030815019485006478
C,834,GLU,0.5793687142431736,223,0.0025980659831532447
C,835,ILE,1.1164976360742003,197,0.005667500690731981
C,836,ALA,0.5535076390951872,129,0.004290756892210754
C,837,TYR,1.6561553847277537,263,0.006297168763223398
C,838,LYS,0.6618069224059582,236,0.0028042666203642297
C,839,ARG,0.8516660230234265,274,0.003108270157019805
C,840,HIS,0.9400447485968471,224,0.00419662834195021
C,841,LYS,0.98872060328722,236,0.0041894940817255085
