aln_col,human_resnum,major_aa,pct_identity,shannon_entropy,conservation_score_0to9
1,1,M,0.9,0.4689955935892812,8.1
2,2,S,0.7,1.3567796494470397,6.3
3,3,T,0.9,0.4689955935892812,8.1
4,4,M,0.9,0.4689955935892812,8.1
5,5,R,0.6,1.295461844238322,5.4
6,6,L,1.0,-0.0,9.0
7,7,L,0.8888888888888888,0.5032583347756457,8.0
8,8,T,0.6666666666666666,0.9182958340544896,6.0
9,9,L,0.7777777777777778,0.7642045065086203,7.0
10,10,A,1.0,-0.0,9.0
11,11,L,0.7777777777777778,0.7642045065086203,7.0
12,12,L,1.0,-0.0,9.0
13,13,F,1.0,-0.0,9.0
14,14,S,0.8888888888888888,0.5032583347756457,8.0
15,15,C,0.6666666666666666,1.224394445405986,6.0
16,16,S,1.0,-0.0,9.0
17,17,F,0.8888888888888888,0.5032583347756457,8.0
18,18,A,1.0,-0.0,9.0
19,19,R,1.0,-0.0,9.0
20,20,A,1.0,-0.0,9.0
21,21,A,0.6666666666666666,0.9182958340544896,6.0
22,22,C,1.0,-0.0,9.0
23,23,D,1.0,-0.0,9.0
24,24,P,1.0,-0.0,9.0
25,25,K,0.9,0.4689955935892812,8.1
26,26,I,0.9,0.4689955935892812,8.1
27,27,V,1.0,-0.0,9.0
28,28,N,1.0,-0.0,9.0
29,29,I,0.9,0.4689955935892812,8.1
30,30,G,0.9,0.4689955935892812,8.1
31,31,A,1.0,-0.0,9.0
32,32,V,1.0,-0.0,9.0
33,33,L,1.0,-0.0,9.0
34,34,S,1.0,-0.0,9.0
35,35,T,1.0,-0.0,9.0
36,36,R,0.6666666666666666,0.9182958340544896,6.0
37,37,K,1.0,-0.0,9.0
38,38,H,1.0,-0.0,9.0
39,39,E,1.0,-0.0,9.0
40,40,Q,1.0,-0.0,9.0
41,41,M,0.6666666666666666,1.224394445405986,6.0
42,42,F,1.0,-0.0,9.0
43,43,R,1.0,-0.0,9.0
44,44,E,0.8888888888888888,0.5032583347756457,8.0
45,45,A,1.0,-0.0,9.0
46,46,V,1.0,-0.0,9.0
47,47,N,1.0,-0.0,9.0
48,48,Q,1.0,-0.0,9.0
49,49,A,1.0,-0.0,9.0
50,50,N,1.0,-0.0,9.0
51,51,K,1.0,-0.0,9.0
52,52,R,1.0,-0.0,9.0
53,53,H,1.0,-0.0,9.0
54,54,G,0.8888888888888888,0.5032583347756457,8.0
55,55,S,0.6666666666666666,0.9182958340544896,6.0
56,56,W,0.8888888888888888,0.5032583347756457,8.0
57,57,K,1.0,-0.0,9.0
58,58,I,0.7777777777777778,0.7642045065086203,7.0
59,59,Q,0.8,0.9219280948873623,7.2
60,60,L,0.9,0.4689955935892812,8.1
61,61,N,0.9,0.4689955935892812,8.1
62,62,A,1.0,-0.0,9.0
63,63,T,0.9,0.4689955935892812,8.1
64,64,S,0.9,0.4689955935892812,8.1
65,65,V,0.9,0.4689955935892812,8.1
66,66,T,0.9,0.4689955935892812,8.1
67,67,H,0.9,0.4689955935892812,8.1
68,68,K,0.8,0.9219280948873623,7.2
69,69,P,1.0,-0.0,9.0
70,70,N,0.9,0.4689955935892812,8.1
71,71,A,0.9,0.4689955935892812,8.1
72,72,I,0.9,0.4689955935892812,8.1
73,73,Q,0.9,0.4689955935892812,8.1
74,74,M,0.9,0.4689955935892812,8.1
75,75,A,0.9,0.4689955935892812,8.1
76,76,L,0.9,0.4689955935892812,8.1
77,77,S,0.9,0.4689955935892812,8.1
78,78,V,0.9,0.4689955935892812,8.1
79,79,C,0.9,0.4689955935892812,8.1
80,80,E,1.0,-0.0,9.0
81,81,D,0.9,0.4689955935892812,8.1
82,82,L,0.9,0.4689955935892812,8.1
83,83,I,0.9,0.4689955935892812,8.1
84,84,S,0.9,0.4689955935892812,8.1
85,85,S,0.9,0.4689955935892812,8.1
86,86,Q,0.9,0.4689955935892812,8.1
87,87,V,0.9,0.4689955935892812,8.1
88,88,Y,0.9,0.4689955935892812,8.1
89,89,A,1.0,-0.0,9.0
90,90,I,0.9,0.4689955935892812,8.1
91,91,L,1.0,-0.0,9.0
92,92,V,0.9,0.4689955935892812,8.1
93,93,S,0.9,0.4689955935892812,8.1
94,94,H,0.9,0.4689955935892812,8.1
95,95,P,1.0,-0.0,9.0
96,96,P,0.9,0.4689955935892812,8.1
97,97,T,0.6,1.295461844238322,5.4
98,98,P,0.9,0.4689955935892812,8.1
99,99,N,0.8,0.9219280948873623,7.2
100,100,D,1.0,-0.0,9.0
101,101,H,0.9,0.4689955935892812,8.1
106,102,F,0.6,0.9709505944546686,5.4
107,103,T,0.9,0.4689955935892812,8.1
108,104,P,1.0,-0.0,9.0
109,105,T,0.9,0.4689955935892812,8.1
110,106,P,1.0,-0.0,9.0
111,107,V,0.8,0.7219280948873623,7.2
112,108,S,1.0,-0.0,9.0
113,109,Y,1.0,-0.0,9.0
114,110,T,1.0,-0.0,9.0
115,111,A,1.0,-0.0,9.0
116,112,G,1.0,-0.0,9.0
117,113,F,1.0,-0.0,9.0
118,114,Y,1.0,-0.0,9.0
119,115,R,1.0,-0.0,9.0
120,116,I,1.0,-0.0,9.0
121,117,P,1.0,-0.0,9.0
122,118,V,1.0,-0.0,9.0
123,119,L,0.6666666666666666,0.9182958340544896,6.0
124,120,G,1.0,-0.0,9.0
125,121,L,1.0,-0.0,9.0
126,122,T,1.0,-0.0,9.0
127,123,T,1.0,-0.0,9.0
128,124,R,1.0,-0.0,9.0
129,125,M,0.9,0.4689955935892812,8.1
130,126,S,0.9,0.4689955935892812,8.1
131,127,I,0.9,0.4689955935892812,8.1
132,128,Y,0.9,0.4689955935892812,8.1
133,129,S,0.9,0.4689955935892812,8.1
134,130,D,0.9,0.4689955935892812,8.1
135,131,K,0.9,0.4689955935892812,8.1
136,132,S,1.0,-0.0,9.0
137,133,I,1.0,-0.0,9.0
138,134,H,1.0,-0.0,9.0
139,135,L,1.0,-0.0,9.0
140,136,S,1.0,-0.0,9.0
141,137,F,1.0,-0.0,9.0
142,138,L,1.0,-0.0,9.0
143,139,R,1.0,-0.0,9.0
144,140,T,1.0,-0.0,9.0
145,141,V,1.0,-0.0,9.0
146,142,P,1.0,-0.0,9.0
147,143,P,1.0,-0.0,9.0
148,144,Y,1.0,-0.0,9.0
149,145,S,1.0,-0.0,9.0
150,146,H,1.0,-0.0,9.0
151,147,Q,1.0,-0.0,9.0
152,148,S,0.6,0.9709505944546686,5.4
153,149,S,0.6,1.295461844238322,5.4
154,150,V,1.0,-0.0,9.0
155,151,W,1.0,-0.0,9.0
156,152,F,1.0,-0.0,9.0
157,153,E,1.0,-0.0,9.0
158,154,M,1.0,-0.0,9.0
159,155,M,1.0,-0.0,9.0
160,156,R,1.0,-0.0,9.0
161,157,V,0.9,0.4689955935892812,8.1
162,158,Y,0.6,0.9709505944546686,5.4
163,159,N,0.7,0.8812908992306927,6.3
164,160,W,1.0,-0.0,9.0
165,161,N,1.0,-0.0,9.0
166,162,H,1.0,-0.0,9.0
167,163,I,0.6,0.9709505944546686,5.4
168,164,I,1.0,-0.0,9.0
169,165,L,1.0,-0.0,9.0
170,166,L,0.6,0.9709505944546686,5.4
171,167,V,1.0,-0.0,9.0
172,168,S,1.0,-0.0,9.0
173,169,D,1.0,-0.0,9.0
174,170,D,1.0,-0.0,9.0
175,171,H,1.0,-0.0,9.0
176,172,E,1.0,-0.0,9.0
177,173,G,1.0,-0.0,9.0
178,174,R,1.0,-0.0,9.0
179,175,A,1.0,-0.0,9.0
180,176,A,1.0,-0.0,9.0
181,177,Q,1.0,-0.0,9.0
182,178,K,1.0,-0.0,9.0
183,179,R,0.6,0.9709505944546686,5.4
184,180,L,1.0,-0.0,9.0
185,181,E,1.0,-0.0,9.0
186,182,T,1.0,-0.0,9.0
187,183,L,1.0,-0.0,9.0
188,184,L,1.0,-0.0,9.0
189,185,E,1.0,-0.0,9.0
190,186,E,1.0,-0.0,9.0
191,187,R,0.9,0.4689955935892812,8.1
192,188,E,1.0,-0.0,9.0
193,189,S,1.0,-0.0,9.0
215,190,K,1.0,-0.0,9.0
216,191,A,1.0,-0.0,9.0
217,192,E,0.9,0.4689955935892812,8.1
218,193,K,1.0,-0.0,9.0
219,194,V,1.0,-0.0,9.0
220,195,L,1.0,-0.0,9.0
221,196,Q,1.0,-0.0,9.0
222,197,F,1.0,-0.0,9.0
223,198,D,0.9,0.4689955935892812,8.1
224,199,P,1.0,-0.0,9.0
225,200,G,1.0,-0.0,9.0
226,201,T,1.0,-0.0,9.0
227,202,K,1.0,-0.0,9.0
228,203,N,1.0,-0.0,9.0
229,204,V,0.8,0.9219280948873623,7.2
230,205,T,1.0,-0.0,9.0
231,206,A,0.7,0.8812908992306927,6.3
232,207,L,1.0,-0.0,9.0
233,208,L,1.0,-0.0,9.0
234,209,L,0.5,1.0,4.5
235,210,E,1.0,-0.0,9.0
236,211,A,1.0,-0.0,9.0
237,212,K,0.5,1.0,4.5
238,213,E,0.9,0.4689955935892812,8.1
239,214,L,1.0,-0.0,9.0
240,215,E,1.0,-0.0,9.0
241,216,A,1.0,-0.0,9.0
242,217,R,1.0,-0.0,9.0
243,218,V,1.0,-0.0,9.0
244,219,I,1.0,-0.0,9.0
245,220,I,1.0,-0.0,9.0
246,221,L,1.0,-0.0,9.0
247,222,S,1.0,-0.0,9.0
248,223,A,1.0,-0.0,9.0
249,224,S,1.0,-0.0,9.0
250,225,E,1.0,-0.0,9.0
251,226,D,1.0,-0.0,9.0
252,227,D,1.0,-0.0,9.0
253,228,A,1.0,-0.0,9.0
254,229,A,0.9,0.4689955935892812,8.1
255,230,T,0.9,0.4689955935892812,8.1
256,231,V,1.0,-0.0,9.0
257,232,Y,1.0,-0.0,9.0
258,233,R,0.9,0.4689955935892812,8.1
259,234,A,0.7,0.8812908992306927,6.3
260,235,A,1.0,-0.0,9.0
261,236,A,1.0,-0.0,9.0
262,237,M,1.0,-0.0,9.0
263,238,L,1.0,-0.0,9.0
264,239,N,0.9,0.4689955935892812,8.1
265,240,M,1.0,-0.0,9.0
266,241,T,1.0,-0.0,9.0
267,242,G,1.0,-0.0,9.0
268,243,S,0.9,0.4689955935892812,8.1
269,244,G,1.0,-0.0,9.0
270,245,Y,1.0,-0.0,9.0
271,246,V,1.0,-0.0,9.0
272,247,W,1.0,-0.0,9.0
273,248,L,1.0,-0.0,9.0
274,249,V,1.0,-0.0,9.0
275,250,G,1.0,-0.0,9.0
276,251,E,1.0,-0.0,9.0
277,252,R,1.0,-0.0,9.0
278,253,E,1.0,-0.0,9.0
279,254,I,1.0,-0.0,9.0
280,255,S,1.0,-0.0,9.0
281,256,G,1.0,-0.0,9.0
282,257,N,0.9,0.4689955935892812,8.1
283,258,A,1.0,-0.0,9.0
284,259,L,1.0,-0.0,9.0
285,260,R,1.0,-0.0,9.0
286,261,Y,1.0,-0.0,9.0
287,262,A,1.0,-0.0,9.0
288,263,P,1.0,-0.0,9.0
289,264,D,1.0,-0.0,9.0
290,265,G,1.0,-0.0,9.0
291,266,I,0.7,0.8812908992306927,6.3
292,267,I,0.9,0.4689955935892812,8.1
293,268,G,1.0,-0.0,9.0
294,269,L,1.0,-0.0,9.0
295,270,Q,1.0,-0.0,9.0
296,271,L,1.0,-0.0,9.0
297,272,I,1.0,-0.0,9.0
298,273,N,1.0,-0.0,9.0
299,274,G,1.0,-0.0,9.0
300,275,K,1.0,-0.0,9.0
301,276,N,1.0,-0.0,9.0
302,277,E,1.0,-0.0,9.0
303,278,S,1.0,-0.0,9.0
304,279,A,1.0,-0.0,9.0
305,280,H,1.0,-0.0,9.0
306,281,I,1.0,-0.0,9.0
307,282,S,1.0,-0.0,9.0
308,283,D,1.0,-0.0,9.0
309,284,A,1.0,-0.0,9.0
310,285,V,1.0,-0.0,9.0
311,286,G,0.6,0.9709505944546686,5.4
312,287,V,1.0,-0.0,9.0
313,288,V,1.0,-0.0,9.0
314,289,A,1.0,-0.0,9.0
315,290,Q,1.0,-0.0,9.0
316,291,A,1.0,-0.0,9.0
317,292,V,0.9,0.4689955935892812,8.1
318,293,H,1.0,-0.0,9.0
319,294,E,0.7,0.8812908992306927,6.3
320,295,L,1.0,-0.0,9.0
321,296,L,0.6,0.9709505944546686,5.4
322,297,E,1.0,-0.0,9.0
323,298,K,0.9,0.4689955935892812,8.1
324,299,E,1.0,-0.0,9.0
325,300,N,1.0,-0.0,9.0
326,301,I,1.0,-0.0,9.0
327,302,T,1.0,-0.0,9.0
328,303,D,1.0,-0.0,9.0
329,304,P,1.0,-0.0,9.0
330,305,P,1.0,-0.0,9.0
331,306,R,1.0,-0.0,9.0
332,307,G,1.0,-0.0,9.0
333,308,C,1.0,-0.0,9.0
334,309,V,1.0,-0.0,9.0
335,310,G,1.0,-0.0,9.0
336,311,N,1.0,-0.0,9.0
337,312,T,1.0,-0.0,9.0
338,313,N,1.0,-0.0,9.0
339,314,I,1.0,-0.0,9.0
340,315,W,1.0,-0.0,9.0
341,316,K,1.0,-0.0,9.0
342,317,T,1.0,-0.0,9.0
343,318,G,1.0,-0.0,9.0
344,319,P,1.0,-0.0,9.0
345,320,L,1.0,-0.0,9.0
346,321,F,1.0,-0.0,9.0
347,322,K,1.0,-0.0,9.0
348,323,R,1.0,-0.0,9.0
349,324,V,1.0,-0.0,9.0
350,325,L,1.0,-0.0,9.0
351,326,M,1.0,-0.0,9.0
352,327,S,1.0,-0.0,9.0
353,328,S,0.9,0.4689955935892812,8.1
354,329,K,1.0,-0.0,9.0
355,330,Y,1.0,-0.0,9.0
356,331,A,0.7,1.1567796494470395,6.3
357,332,D,0.7,0.8812908992306927,6.3
358,333,G,1.0,-0.0,9.0
359,334,V,1.0,-0.0,9.0
360,335,T,1.0,-0.0,9.0
361,336,G,1.0,-0.0,9.0
362,337,R,1.0,-0.0,9.0
363,338,V,0.9,0.4689955935892812,8.1
364,339,E,1.0,-0.0,9.0
365,340,F,1.0,-0.0,9.0
366,341,N,1.0,-0.0,9.0
367,342,E,1.0,-0.0,9.0
368,343,D,1.0,-0.0,9.0
369,344,G,1.0,-0.0,9.0
370,345,D,1.0,-0.0,9.0
371,346,R,1.0,-0.0,9.0
372,347,K,1.0,-0.0,9.0
373,348,F,1.0,-0.0,9.0
374,349,A,1.0,-0.0,9.0
375,350,N,1.0,-0.0,9.0
376,351,Y,1.0,-0.0,9.0
377,352,S,1.0,-0.0,9.0
378,353,I,1.0,-0.0,9.0
379,354,M,1.0,-0.0,9.0
380,355,N,1.0,-0.0,9.0
381,356,L,1.0,-0.0,9.0
382,357,Q,1.0,-0.0,9.0
383,358,N,1.0,-0.0,9.0
384,359,R,1.0,-0.0,9.0
385,360,K,1.0,-0.0,9.0
386,361,L,1.0,-0.0,9.0
387,362,V,1.0,-0.0,9.0
388,363,Q,1.0,-0.0,9.0
389,364,V,1.0,-0.0,9.0
390,365,G,1.0,-0.0,9.0
391,366,I,1.0,-0.0,9.0
392,367,Y,0.8,0.7219280948873623,7.2
393,368,N,1.0,-0.0,9.0
394,369,G,1.0,-0.0,9.0
395,370,T,0.6,0.9709505944546686,5.4
396,371,H,0.8,0.9219280948873623,7.2
397,372,V,0.9,0.4689955935892812,8.1
398,373,I,0.7777777777777778,0.7642045065086203,7.0
399,374,P,0.6666666666666666,1.224394445405986,6.0
400,375,N,1.0,-0.0,9.0
401,376,D,1.0,-0.0,9.0
402,377,R,1.0,-0.0,9.0
403,378,K,0.9,0.4689955935892812,8.1
404,379,I,1.0,-0.0,9.0
405,380,I,0.9,0.4689955935892812,8.1
406,381,W,0.9,0.4689955935892812,8.1
407,382,P,0.9,0.4689955935892812,8.1
408,383,G,0.9,0.4689955935892812,8.1
409,384,G,1.0,-0.0,9.0
410,385,E,1.0,-0.0,9.0
411,386,T,0.9,0.4689955935892812,8.1
412,387,E,0.9,0.4689955935892812,8.1
413,388,K,0.9,0.4689955935892812,8.1
414,389,P,1.0,-0.0,9.0
415,390,R,0.6,1.295461844238322,5.4
416,391,G,1.0,-0.0,9.0
417,392,Y,1.0,-0.0,9.0
418,393,Q,1.0,-0.0,9.0
419,394,M,1.0,-0.0,9.0
420,395,S,1.0,-0.0,9.0
421,396,T,1.0,-0.0,9.0
422,397,R,0.7,0.8812908992306927,6.3
423,398,L,1.0,-0.0,9.0
424,399,K,1.0,-0.0,9.0
425,400,I,1.0,-0.0,9.0
426,401,V,1.0,-0.0,9.0
427,402,T,1.0,-0.0,9.0
428,403,I,1.0,-0.0,9.0
429,404,H,1.0,-0.0,9.0
430,405,Q,1.0,-0.0,9.0
431,406,E,1.0,-0.0,9.0
432,407,P,1.0,-0.0,9.0
433,408,F,1.0,-0.0,9.0
434,409,V,1.0,-0.0,9.0
435,410,Y,1.0,-0.0,9.0
436,411,V,1.0,-0.0,9.0
437,412,K,0.9,0.4689955935892812,8.1
438,413,P,1.0,-0.0,9.0
439,414,T,1.0,-0.0,9.0
440,415,L,0.5,1.7609640474436812,4.5
441,416,S,0.7,1.1567796494470395,6.3
442,417,D,1.0,-0.0,9.0
443,418,G,1.0,-0.0,9.0
444,419,T,1.0,-0.0,9.0
445,420,C,1.0,-0.0,9.0
446,421,K,0.7,0.8812908992306927,6.3
447,422,E,1.0,-0.0,9.0
448,423,E,1.0,-0.0,9.0
449,424,F,0.8,0.9219280948873623,7.2
450,425,T,1.0,-0.0,9.0
451,426,V,0.6,0.9709505944546686,5.4
452,427,N,1.0,-0.0,9.0
453,428,G,1.0,-0.0,9.0
454,429,D,1.0,-0.0,9.0
455,430,P,1.0,-0.0,9.0
456,431,V,0.9,0.4689955935892812,8.1
457,432,K,1.0,-0.0,9.0
458,433,K,1.0,-0.0,9.0
459,434,V,1.0,-0.0,9.0
460,435,I,0.7,0.8812908992306927,6.3
461,436,C,1.0,-0.0,9.0
462,437,T,0.9,0.4689955935892812,8.1
463,438,G,1.0,-0.0,9.0
464,439,P,1.0,-0.0,9.0
465,440,N,1.0,-0.0,9.0
466,441,D,0.6,0.9709505944546686,5.4
467,442,T,1.0,-0.0,9.0
468,443,S,0.6,0.9709505944546686,5.4
469,444,P,1.0,-0.0,9.0
470,445,G,1.0,-0.0,9.0
471,446,S,0.6,0.9709505944546686,5.4
472,447,P,0.9,0.4689955935892812,8.1
473,448,R,1.0,-0.0,9.0
474,449,H,1.0,-0.0,9.0
475,450,T,1.0,-0.0,9.0
476,451,V,1.0,-0.0,9.0
477,452,P,0.8,0.7219280948873623,7.2
478,453,Q,0.7,0.8812908992306927,6.3
479,454,C,1.0,-0.0,9.0
480,455,C,1.0,-0.0,9.0
481,456,Y,1.0,-0.0,9.0
482,457,G,1.0,-0.0,9.0
483,458,F,1.0,-0.0,9.0
484,459,C,1.0,-0.0,9.0
485,460,I,0.7,0.8812908992306927,6.3
486,461,D,1.0,-0.0,9.0
487,462,L,1.0,-0.0,9.0
488,463,L,1.0,-0.0,9.0
489,464,I,1.0,-0.0,9.0
490,465,K,0.7,0.8812908992306927,6.3
491,466,L,1.0,-0.0,9.0
492,467,A,1.0,-0.0,9.0
493,468,R,0.7,0.8812908992306927,6.3
494,469,T,0.6,1.295461844238322,5.4
495,470,M,1.0,-0.0,9.0
496,471,N,1.0,-0.0,9.0
497,472,F,1.0,-0.0,9.0
498,473,T,1.0,-0.0,9.0
499,474,Y,1.0,-0.0,9.0
500,475,E,1.0,-0.0,9.0
501,476,V,1.0,-0.0,9.0
502,477,H,1.0,-0.0,9.0
503,478,L,1.0,-0.0,9.0
504,479,V,1.0,-0.0,9.0
505,480,A,1.0,-0.0,9.0
506,481,D,1.0,-0.0,9.0
507,482,G,1.0,-0.0,9.0
508,483,K,1.0,-0.0,9.0
509,484,F,1.0,-0.0,9.0
510,485,G,1.0,-0.0,9.0
511,486,T,1.0,-0.0,9.0
512,487,Q,1.0,-0.0,9.0
513,488,E,1.0,-0.0,9.0
514,489,R,1.0,-0.0,9.0
515,490,V,1.0,-0.0,9.0
516,491,N,1.0,-0.0,9.0
517,492,N,1.0,-0.0,9.0
518,493,S,1.0,-0.0,9.0
519,494,N,1.0,-0.0,9.0
520,495,K,1.0,-0.0,9.0
521,496,K,1.0,-0.0,9.0
522,497,E,1.0,-0.0,9.0
523,498,W,1.0,-0.0,9.0
524,499,N,1.0,-0.0,9.0
525,500,G,1.0,-0.0,9.0
526,501,M,1.0,-0.0,9.0
527,502,M,1.0,-0.0,9.0
528,503,G,1.0,-0.0,9.0
529,504,E,1.0,-0.0,9.0
530,505,L,1.0,-0.0,9.0
531,506,L,1.0,-0.0,9.0
532,507,S,1.0,-0.0,9.0
533,508,G,1.0,-0.0,9.0
534,509,Q,1.0,-0.0,9.0
535,510,A,1.0,-0.0,9.0
536,511,D,1.0,-0.0,9.0
537,512,M,1.0,-0.0,9.0
538,513,I,1.0,-0.0,9.0
539,514,V,1.0,-0.0,9.0
540,515,A,1.0,-0.0,9.0
541,516,P,1.0,-0.0,9.0
542,517,L,1.0,-0.0,9.0
543,518,T,1.0,-0.0,9.0
544,519,I,1.0,-0.0,9.0
545,520,N,1.0,-0.0,9.0
546,521,N,1.0,-0.0,9.0
547,522,E,1.0,-0.0,9.0
548,523,R,1.0,-0.0,9.0
549,524,A,1.0,-0.0,9.0
550,525,Q,1.0,-0.0,9.0
551,526,Y,1.0,-0.0,9.0
552,527,I,1.0,-0.0,9.0
553,528,E,1.0,-0.0,9.0
554,529,F,1.0,-0.0,9.0
555,530,S,1.0,-0.0,9.0
556,531,K,1.0,-0.0,9.0
557,532,P,1.0,-0.0,9.0
558,533,F,1.0,-0.0,9.0
559,534,K,1.0,-0.0,9.0
560,535,Y,1.0,-0.0,9.0
561,536,Q,1.0,-0.0,9.0
562,537,G,1.0,-0.0,9.0
563,538,L,1.0,-0.0,9.0
564,539,T,1.0,-0.0,9.0
565,540,I,1.0,-0.0,9.0
566,541,L,1.0,-0.0,9.0
567,542,V,1.0,-0.0,9.0
568,543,K,1.0,-0.0,9.0
569,544,K,1.0,-0.0,9.0
570,545,E,1.0,-0.0,9.0
571,546,I,1.0,-0.0,9.0
572,547,P,1.0,-0.0,9.0
573,548,R,1.0,-0.0,9.0
574,549,S,1.0,-0.0,9.0
575,550,T,1.0,-0.0,9.0
576,551,L,1.0,-0.0,9.0
577,552,D,1.0,-0.0,9.0
578,553,S,1.0,-0.0,9.0
579,554,F,1.0,-0.0,9.0
580,555,M,1.0,-0.0,9.0
581,556,Q,1.0,-0.0,9.0
582,557,P,1.0,-0.0,9.0
583,558,F,1.0,-0.0,9.0
584,559,Q,1.0,-0.0,9.0
585,560,S,1.0,-0.0,9.0
586,561,T,1.0,-0.0,9.0
587,562,L,1.0,-0.0,9.0
588,563,W,1.0,-0.0,9.0
589,564,L,1.0,-0.0,9.0
590,565,L,1.0,-0.0,9.0
591,566,V,1.0,-0.0,9.0
592,567,G,1.0,-0.0,9.0
593,568,L,1.0,-0.0,9.0
594,569,S,1.0,-0.0,9.0
595,570,V,1.0,-0.0,9.0
596,571,H,1.0,-0.0,9.0
597,572,V,1.0,-0.0,9.0
598,573,V,1.0,-0.0,9.0
599,574,A,1.0,-0.0,9.0
600,575,V,1.0,-0.0,9.0
601,576,M,1.0,-0.0,9.0
602,577,L,1.0,-0.0,9.0
603,578,Y,1.0,-0.0,9.0
604,579,L,1.0,-0.0,9.0
605,580,L,1.0,-0.0,9.0
606,581,D,1.0,-0.0,9.0
607,582,R,1.0,-0.0,9.0
608,583,F,1.0,-0.0,9.0
609,584,S,1.0,-0.0,9.0
610,585,P,1.0,-0.0,9.0
611,586,F,1.0,-0.0,9.0
612,587,G,1.0,-0.0,9.0
613,588,R,1.0,-0.0,9.0
614,589,F,1.0,-0.0,9.0
615,590,K,1.0,-0.0,9.0
616,591,V,1.0,-0.0,9.0
617,592,N,1.0,-0.0,9.0
618,593,S,1.0,-0.0,9.0
619,594,E,1.0,-0.0,9.0
620,595,E,1.0,-0.0,9.0
621,596,E,1.0,-0.0,9.0
622,597,E,1.0,-0.0,9.0
623,598,E,1.0,-0.0,9.0
624,599,D,1.0,-0.0,9.0
625,600,A,1.0,-0.0,9.0
626,601,L,1.0,-0.0,9.0
627,602,T,1.0,-0.0,9.0
628,603,L,1.0,-0.0,9.0
629,604,S,1.0,-0.0,9.0
630,605,S,1.0,-0.0,9.0
631,606,A,1.0,-0.0,9.0
632,607,M,1.0,-0.0,9.0
633,608,W,1.0,-0.0,9.0
634,609,F,1.0,-0.0,9.0
635,610,S,1.0,-0.0,9.0
636,611,W,1.0,-0.0,9.0
637,612,G,1.0,-0.0,9.0
638,613,V,1.0,-0.0,9.0
639,614,L,1.0,-0.0,9.0
640,615,L,1.0,-0.0,9.0
641,616,N,1.0,-0.0,9.0
642,617,S,1.0,-0.0,9.0
643,618,G,1.0,-0.0,9.0
644,619,I,1.0,-0.0,9.0
645,620,G,1.0,-0.0,9.0
646,621,E,1.0,-0.0,9.0
647,622,G,1.0,-0.0,9.0
648,623,A,1.0,-0.0,9.0
649,624,P,1.0,-0.0,9.0
650,625,R,1.0,-0.0,9.0
651,626,S,1.0,-0.0,9.0
652,627,F,1.0,-0.0,9.0
653,628,S,1.0,-0.0,9.0
654,629,A,1.0,-0.0,9.0
655,630,R,1.0,-0.0,9.0
656,631,I,1.0,-0.0,9.0
657,632,L,1.0,-0.0,9.0
658,633,G,1.0,-0.0,9.0
659,634,M,1.0,-0.0,9.0
660,635,V,1.0,-0.0,9.0
661,636,W,1.0,-0.0,9.0
662,637,A,1.0,-0.0,9.0
663,638,G,1.0,-0.0,9.0
664,639,F,1.0,-0.0,9.0
665,640,A,1.0,-0.0,9.0
666,641,M,1.0,-0.0,9.0
667,642,I,1.0,-0.0,9.0
668,643,I,1.0,-0.0,9.0
669,644,V,1.0,-0.0,9.0
670,645,A,1.0,-0.0,9.0
671,646,S,1.0,-0.0,9.0
672,647,Y,1.0,-0.0,9.0
673,648,T,1.0,-0.0,9.0
674,649,A,1.0,-0.0,9.0
675,650,N,1.0,-0.0,9.0
676,651,L,1.0,-0.0,9.0
677,652,A,1.0,-0.0,9.0
678,653,A,1.0,-0.0,9.0
679,654,F,1.0,-0.0,9.0
680,655,L,1.0,-0.0,9.0
681,656,V,1.0,-0.0,9.0
682,657,L,1.0,-0.0,9.0
683,658,D,1.0,-0.0,9.0
684,659,R,1.0,-0.0,9.0
685,660,P,1.0,-0.0,9.0
686,661,E,1.0,-0.0,9.0
687,662,E,1.0,-0.0,9.0
688,663,R,1.0,-0.0,9.0
689,664,I,1.0,-0.0,9.0
690,665,T,1.0,-0.0,9.0
691,666,G,1.0,-0.0,9.0
692,667,I,1.0,-0.0,9.0
693,668,N,1.0,-0.0,9.0
694,669,D,1.0,-0.0,9.0
695,670,P,1.0,-0.0,9.0
696,671,R,1.0,-0.0,9.0
697,672,L,1.0,-0.0,9.0
698,673,R,1.0,-0.0,9.0
699,674,N,1.0,-0.0,9.0
700,675,P,1.0,-0.0,9.0
701,676,S,1.0,-0.0,9.0
702,677,D,1.0,-0.0,9.0
703,678,K,1.0,-0.0,9.0
704,679,F,1.0,-0.0,9.0
705,680,I,1.0,-0.0,9.0
706,681,Y,1.0,-0.0,9.0
707,682,A,1.0,-0.0,9.0
708,683,T,1.0,-0.0,9.0
709,684,V,1.0,-0.0,9.0
710,685,K,1.0,-0.0,9.0
711,686,Q,1.0,-0.0,9.0
712,687,S,1.0,-0.0,9.0
713,688,S,1.0,-0.0,9.0
714,689,V,1.0,-0.0,9.0
715,690,D,1.0,-0.0,9.0
716,691,I,1.0,-0.0,9.0
717,692,Y,1.0,-0.0,9.0
718,693,F,1.0,-0.0,9.0
719,694,R,1.0,-0.0,9.0
720,695,R,1.0,-0.0,9.0
721,696,Q,1.0,-0.0,9.0
722,697,V,1.0,-0.0,9.0
723,698,E,1.0,-0.0,9.0
724,699,L,1.0,-0.0,9.0
725,700,S,1.0,-0.0,9.0
726,701,T,1.0,-0.0,9.0
727,702,M,1.0,-0.0,9.0
728,703,Y,1.0,-0.0,9.0
729,704,R,1.0,-0.0,9.0
730,705,H,1.0,-0.0,9.0
731,706,M,1.0,-0.0,9.0
732,707,E,1.0,-0.0,9.0
733,708,K,1.0,-0.0,9.0
734,709,H,1.0,-0.0,9.0
735,710,N,1.0,-0.0,9.0
736,711,Y,1.0,-0.0,9.0
737,712,E,1.0,-0.0,9.0
738,713,S,1.0,-0.0,9.0
739,714,A,1.0,-0.0,9.0
740,715,A,1.0,-0.0,9.0
741,716,E,1.0,-0.0,9.0
742,717,A,1.0,-0.0,9.0
743,718,I,1.0,-0.0,9.0
744,719,Q,1.0,-0.0,9.0
745,720,A,1.0,-0.0,9.0
746,721,V,1.0,-0.0,9.0
747,722,R,1.0,-0.0,9.0
748,723,D,1.0,-0.0,9.0
749,724,N,1.0,-0.0,9.0
750,725,K,1.0,-0.0,9.0
751,726,L,1.0,-0.0,9.0
752,727,H,1.0,-0.0,9.0
753,728,A,1.0,-0.0,9.0
754,729,F,1.0,-0.0,9.0
755,730,I,1.0,-0.0,9.0
756,731,W,1.0,-0.0,9.0
757,732,D,1.0,-0.0,9.0
758,733,S,1.0,-0.0,9.0
759,734,A,1.0,-0.0,9.0
760,735,V,1.0,-0.0,9.0
761,736,L,1.0,-0.0,9.0
762,737,E,1.0,-0.0,9.0
763,738,F,1.0,-0.0,9.0
764,739,E,1.0,-0.0,9.0
765,740,A,1.0,-0.0,9.0
766,741,S,1.0,-0.0,9.0
767,742,Q,1.0,-0.0,9.0
768,743,K,1.0,-0.0,9.0
769,744,C,1.0,-0.0,9.0
770,745,D,1.0,-0.0,9.0
771,746,L,1.0,-0.0,9.0
772,747,V,1.0,-0.0,9.0
773,748,T,1.0,-0.0,9.0
774,749,T,1.0,-0.0,9.0
775,750,G,1.0,-0.0,9.0
776,751,E,1.0,-0.0,9.0
777,752,L,1.0,-0.0,9.0
778,753,F,1.0,-0.0,9.0
779,754,F,1.0,-0.0,9.0
780,755,R,1.0,-0.0,9.0
781,756,S,1.0,-0.0,9.0
782,757,G,1.0,-0.0,9.0
783,758,F,1.0,-0.0,9.0
784,759,G,1.0,-0.0,9.0
785,760,I,1.0,-0.0,9.0
786,761,G,1.0,-0.0,9.0
787,762,M,1.0,-0.0,9.0
788,763,R,1.0,-0.0,9.0
789,764,K,1.0,-0.0,9.0
790,765,D,1.0,-0.0,9.0
791,766,S,1.0,-0.0,9.0
792,767,P,1.0,-0.0,9.0
793,768,W,1.0,-0.0,9.0
794,769,K,1.0,-0.0,9.0
795,770,Q,1.0,-0.0,9.0
796,771,N,1.0,-0.0,9.0
797,772,V,1.0,-0.0,9.0
798,773,S,1.0,-0.0,9.0
799,774,L,1.0,-0.0,9.0
800,775,S,0.6,1.295461844238322,5.4
801,776,I,1.0,-0.0,9.0
802,777,L,1.0,-0.0,9.0
803,778,K,1.0,-0.0,9.0
804,779,S,1.0,-0.0,9.0
805,780,H,1.0,-0.0,9.0
806,781,E,1.0,-0.0,9.0
807,782,N,1.0,-0.0,9.0
808,783,G,1.0,-0.0,9.0
809,784,F,1.0,-0.0,9.0
810,785,M,1.0,-0.0,9.0
811,786,E,1.0,-0.0,9.0
812,787,D,0.9,0.4689955935892812,8.1
813,788,L,1.0,-0.0,9.0
814,789,D,1.0,-0.0,9.0
815,790,K,1.0,-0.0,9.0
816,791,T,1.0,-0.0,9.0
817,792,W,1.0,-0.0,9.0
818,793,V,1.0,-0.0,9.0
819,794,R,1.0,-0.0,9.0
820,795,Y,1.0,-0.0,9.0
821,796,Q,1.0,-0.0,9.0
822,797,E,1.0,-0.0,9.0
823,798,C,1.0,-0.0,9.0
824,799,D,1.0,-0.0,9.0
825,800,S,1.0,-0.0,9.0
826,801,R,1.0,-0.0,9.0
827,802,S,1.0,-0.0,9.0
828,803,N,1.0,-0.0,9.0
829,804,A,1.0,-0.0,9.0
830,805,P,1.0,-0.0,9.0
831,806,A,1.0,-0.0,9.0
832,807,T,1.0,-0.0,9.0
833,808,L,1.0,-0.0,9.0
834,809,T,1.0,-0.0,9.0
835,810,F,1.0,-0.0,9.0
836,811,E,1.0,-0.0,9.0
837,812,N,1.0,-0.0,9.0
838,813,M,1.0,-0.0,9.0
839,814,A,1.0,-0.0,9.0
840,815,G,1.0,-0.0,9.0
841,816,V,1.0,-0.0,9.0
842,817,F,1.0,-0.0,9.0
843,818,M,1.0,-0.0,9.0
844,819,L,1.0,-0.0,9.0
845,820,V,1.0,-0.0,9.0
846,821,A,1.0,-0.0,9.0
847,822,G,1.0,-0.0,9.0
848,823,G,1.0,-0.0,9.0
849,824,I,1.0,-0.0,9.0
850,825,V,1.0,-0.0,9.0
851,826,A,1.0,-0.0,9.0
852,827,G,1.0,-0.0,9.0
853,828,I,1.0,-0.0,9.0
854,829,F,1.0,-0.0,9.0
855,830,L,1.0,-0.0,9.0
856,831,I,1.0,-0.0,9.0
857,832,F,1.0,-0.0,9.0
858,833,I,1.0,-0.0,9.0
859,834,E,1.0,-0.0,9.0
860,835,I,1.0,-0.0,9.0
861,836,A,1.0,-0.0,9.0
862,837,Y,1.0,-0.0,9.0
863,838,K,1.0,-0.0,9.0
864,839,R,1.0,-0.0,9.0
865,840,H,1.0,-0.0,9.0
866,841,K,1.0,-0.0,9.0
867,842,D,1.0,-0.0,9.0
868,843,A,1.0,-0.0,9.0
869,844,R,1.0,-0.0,9.0
870,845,R,1.0,-0.0,9.0
871,846,K,1.0,-0.0,9.0
872,847,Q,1.0,-0.0,9.0
873,848,M,1.0,-0.0,9.0
874,849,Q,1.0,-0.0,9.0
875,850,L,1.0,-0.0,9.0
876,851,A,1.0,-0.0,9.0
877,852,F,1.0,-0.0,9.0
878,853,A,1.0,-0.0,9.0
879,854,A,1.0,-0.0,9.0
880,855,V,1.0,-0.0,9.0
881,856,N,1.0,-0.0,9.0
882,857,V,1.0,-0.0,9.0
883,858,W,1.0,-0.0,9.0
884,859,R,1.0,-0.0,9.0
885,860,K,1.0,-0.0,9.0
886,861,N,1.0,-0.0,9.0
887,862,L,1.0,-0.0,9.0
888,863,Q,1.0,-0.0,9.0
889,864,D,0.7,1.1567796494470395,6.3
890,865,R,0.7777777777777778,0.7642045065086203,7.0
975,866,K,1.0,-0.0,9.0
976,867,S,1.0,-0.0,9.0
977,868,G,1.0,-0.0,9.0
978,869,R,1.0,-0.0,9.0
979,870,A,1.0,-0.0,9.0
980,871,E,1.0,-0.0,9.0
981,872,P,1.0,-0.0,9.0
982,873,D,1.0,-0.0,9.0
983,874,P,1.0,-0.0,9.0
984,875,K,1.0,-0.0,9.0
985,876,K,1.0,-0.0,9.0
986,877,K,1.0,-0.0,9.0
987,878,A,1.0,-0.0,9.0
988,879,T,0.875,0.5435644431995964,7.88
989,880,F,1.0,-0.0,9.0
990,881,R,1.0,-0.0,9.0
991,882,A,0.625,0.954434002924965,5.62
992,883,I,1.0,-0.0,9.0
993,884,T,1.0,-0.0,9.0
994,885,S,1.0,-0.0,9.0
995,886,T,1.0,-0.0,9.0
996,887,L,1.0,-0.0,9.0
997,888,A,1.0,-0.0,9.0
998,889,S,1.0,-0.0,9.0
999,890,S,1.0,-0.0,9.0
1000,891,F,1.0,-0.0,9.0
1001,892,K,1.0,-0.0,9.0
1002,893,R,1.0,-0.0,9.0
1003,894,R,1.0,-0.0,9.0
1004,895,R,1.0,-0.0,9.0
1005,896,S,1.0,-0.0,9.0
1006,897,S,1.0,-0.0,9.0
1007,898,K,1.0,-0.0,9.0
1008,899,D,1.0,-0.0,9.0
1009,900,T,1.0,-0.0,9.0
1010,901,S,0.5714285714285714,1.6644977792004614,5.14
1017,902,T,0.75,1.061278124459133,6.75
1018,903,G,0.875,0.5435644431995964,7.88
1029,904,G,0.625,1.2987949406953985,5.62
1030,905,G,0.625,1.2987949406953985,5.62
1031,906,R,1.0,-0.0,9.0
1032,907,G,0.625,1.2987949406953985,5.62
1033,908,A,0.625,1.2987949406953985,5.62
1034,909,L,0.625,1.2987949406953985,5.62
1035,910,Q,0.875,0.5435644431995964,7.88
1036,911,N,0.625,1.2987949406953985,5.62
1037,912,Q,0.625,0.954434002924965,5.62
1038,913,K,0.625,1.2987949406953985,5.62
1039,914,D,0.625,0.954434002924965,5.62
1040,915,T,0.7777777777777778,0.7642045065086203,7.0
1041,916,V,0.7777777777777778,0.7642045065086203,7.0
1042,917,L,0.7777777777777778,0.9864267287308424,7.0
1043,918,P,0.8333333333333334,0.6500224216483541,7.5
1044,919,R,0.8333333333333334,0.6500224216483541,7.5
1045,920,R,0.625,1.2987949406953985,5.62
1046,921,A,0.625,0.954434002924965,5.62
1047,922,I,0.625,0.954434002924965,5.62
1048,923,E,0.75,0.8112781244591328,6.75
1049,924,R,0.75,0.8112781244591328,6.75
1050,925,E,0.625,0.954434002924965,5.62
1051,926,E,0.625,1.2987949406953985,5.62
1053,927,G,1.0,-0.0,9.0
1054,928,Q,0.625,1.2987949406953985,5.62
1055,929,L,0.875,0.5435644431995964,7.88
1056,930,Q,0.625,1.2987949406953985,5.62
1086,931,L,0.42857142857142855,1.5566567074628228,3.86
1087,932,C,1.0,-0.0,9.0
1088,933,S,0.42857142857142855,1.5566567074628228,3.86
1089,934,R,0.7142857142857143,0.863120568566631,6.43
1090,935,H,1.0,-0.0,9.0
1091,936,R,1.0,-0.0,9.0
1092,937,E,0.7142857142857143,0.863120568566631,6.43
1097,938,S,0.625,1.2987949406953985,5.62
