resnum,aa,plddt
1,M,47.8
2,S,47.8
3,T,46.8
4,M,45.8
5,R,44.5
6,L,43.2
7,L,42.6
8,T,42.3
9,L,40.9
10,A,42.9
11,L,43.1
12,L,42.4
13,F,39.5
14,S,39.2
15,C,34.6
16,S,37.9
17,V,40.6
18,A,38.5
19,R,35.7
20,A,38.0
21,A,33.6
22,C,30.2
23,D,32.5
24,P,32.5
25,K,31.2
26,I,32.6
27,V,37.1
28,N,35.0
29,I,40.0
30,G,39.4
31,A,39.0
32,V,34.2
33,L,33.4
34,S,38.2
35,T,38.4
36,R,41.4
37,K,40.8
38,H,42.0
39,E,44.6
40,Q,44.4
41,M,40.3
42,F,43.0
43,L,42.4
44,S,40.3
45,V,37.1
46,H,37.9
47,R,34.9
48,Q,33.9
49,T,35.0
50,A,34.7
51,G,37.4
52,I,38.1
53,K,38.1
54,F,38.9
55,N,37.5
56,S,36.2
57,T,35.3
58,N,32.7
59,V,31.4
60,S,37.1
61,D,31.8
62,V,34.3
63,P,34.1
64,A,35.8
65,Y,37.9
66,I,38.6
67,E,42.5
68,I,45.7
69,R,41.8
70,M,44.6
71,P,44.1
72,L,41.1
73,A,44.6
74,H,39.9
75,V,41.6
76,Q,39.6
77,S,37.8
78,L,34.5
79,T,32.3
80,R,31.6
81,G,33.7
82,P,32.4
83,E,32.0
84,W,18.5
85,L,33.4
86,T,29.5
87,C,30.8
88,D,27.3
89,Y,31.3
90,F,29.3
91,H,25.8
92,A,28.9
93,P,28.6
94,S,25.8
95,D,27.4
96,N,26.1
97,V,36.4
98,T,36.5
99,P,40.4
100,T,39.7
101,M,38.9
102,I,43.2
103,S,43.6
104,W,37.3
105,I,47.5
106,I,45.2
107,K,42.5
108,N,39.8
109,Y,39.3
110,V,37.6
111,E,33.9
112,V,32.5
113,F,31.9
114,T,30.5
115,Q,28.2
116,G,32.9
117,R,23.6
118,A,31.6
119,K,30.5
120,S,32.8
121,Y,31.9
122,P,31.4
